Date,Revenue,Expenses,Net Profit,Profit Margin (%),Location,Category,Department,Customer Count,Transaction Volume,Employee Count,Discounts (%),Return Rate (%)
01-01-2023,25795,26415,-620,-2.403566583,Los Angeles,Retail,Operations,313,798,140,27.45,8.64
02-01-2023,10860,7708,3152,29.02394107,New York,Retail,Marketing,120,388,131,6.35,3.09
03-01-2023,48158,16694,31464,65.33493916,New York,Technology,HR,413,639,78,4.33,6.94
04-01-2023,21284,28496,-7212,-33.88460816,Houston,Retail,Marketing,420,990,32,22.77,0.16
05-01-2023,16265,14524,1741,10.70396557,New York,Manufacturing,Marketing,152,791,190,15.02,3.73
06-01-2023,26850,29777,-2927,-10.90130354,Chicago,Finance,Operations,174,352,46,27.35,3.52
07-01-2023,47194,24891,22303,47.25812603,San Francisco,Technology,Operations,362,225,18,4.4,5.43
08-01-2023,31962,11456,20506,64.15743696,Houston,Healthcare,IT,335,276,24,19.38,0.73
09-01-2023,26023,9212,16811,64.60054567,Los Angeles,Healthcare,HR,279,136,140,6.99,7.9
10-01-2023,11685,18224,-6539,-55.96063329,Chicago,Finance,Operations,195,509,102,4.7,2.18
11-01-2023,10769,12970,-2201,-20.43829511,Houston,Technology,Sales,419,710,26,20.5,6.77
12-01-2023,12433,21920,-9487,-76.30499477,New York,Retail,HR,246,709,163,17.81,8.03
13-01-2023,15311,6625,8686,56.73045523,New York,Retail,HR,422,226,158,22.64,5.62
14-01-2023,47819,15314,32505,67.97507267,New York,Manufacturing,Operations,270,582,81,9.28,7.41
15-01-2023,49188,12973,36215,73.62568106,New York,Manufacturing,HR,472,267,158,13.44,6.62
16-01-2023,27568,13577,13991,50.75087057,Los Angeles,Retail,Operations,109,691,130,12.16,3.56
17-01-2023,29769,13070,16699,56.09526689,Chicago,Healthcare,Marketing,147,393,20,29.52,8.09
18-01-2023,38693,13666,25027,64.68095004,San Francisco,Healthcare,IT,220,944,175,8.77,2.95
19-01-2023,16396,29993,-13597,-82.92876311,Los Angeles,Manufacturing,Marketing,431,737,81,8.84,5.71
20-01-2023,37480,27874,9606,25.62966916,Los Angeles,Finance,Operations,222,442,115,10.64,7.45
21-01-2023,35658,8600,27058,75.88199002,San Francisco,Retail,Operations,200,409,134,16.94,3.79
22-01-2023,28942,11783,17159,59.2875406,San Francisco,Manufacturing,Marketing,399,761,44,7.57,3.03
23-01-2023,28431,18226,10205,35.89391861,New York,Manufacturing,Sales,439,627,128,27.46,4.59
24-01-2023,12747,14146,-1399,-10.9751314,Los Angeles,Retail,Sales,489,639,23,7.97,8.18
25-01-2023,10189,9971,218,2.139562273,Houston,Retail,Sales,171,518,23,26.87,9.3
26-01-2023,29118,18490,10628,36.4997596,San Francisco,Healthcare,Operations,157,543,19,3.1,5.45
27-01-2023,45773,22589,23184,50.64994647,San Francisco,Finance,HR,53,784,149,19.7,6.61
28-01-2023,11899,17951,-6052,-50.86141693,Chicago,Finance,Operations,142,657,47,27.21,9.03
29-01-2023,11267,17312,-6045,-53.65225881,Houston,Retail,HR,456,939,117,5.06,0.99
30-01-2023,41551,6990,34561,83.17730019,Houston,Technology,Marketing,55,335,128,29.05,2.32
31-01-2023,21394,10299,11095,51.86033467,San Francisco,Manufacturing,IT,337,538,43,13.59,7.09
01-02-2023,13556,17997,-4441,-32.7604013,New York,Manufacturing,HR,155,313,178,28.37,8.24
02-02-2023,13890,24956,-11066,-79.66882649,Chicago,Retail,Sales,195,184,19,20.3,8.57
03-02-2023,40740,27359,13381,32.84486991,Houston,Technology,Operations,320,893,131,9.05,4.15
04-02-2023,24502,18472,6030,24.6102359,San Francisco,Healthcare,Marketing,473,843,154,5.65,0.89
05-02-2023,31777,27704,4073,12.81744658,Houston,Retail,Sales,427,184,154,9.11,4.38
06-02-2023,20627,9380,11247,54.52562176,Chicago,Retail,Marketing,145,588,199,2.79,2.31
07-02-2023,18792,9757,9035,48.07896977,Chicago,Manufacturing,IT,278,164,124,4.32,2.91
08-02-2023,18433,24097,-5664,-30.72749959,Los Angeles,Retail,Operations,251,745,10,3.14,7.72
09-02-2023,21016,15395,5621,26.74628854,San Francisco,Retail,Operations,261,762,21,12.69,0.76
10-02-2023,33897,21241,12656,37.33663746,Chicago,Retail,IT,55,726,112,23.87,8.28
11-02-2023,12612,10588,2024,16.04820806,Los Angeles,Manufacturing,Operations,161,163,13,4.24,4.28
12-02-2023,33483,22350,11133,33.24970881,Los Angeles,Healthcare,HR,425,442,179,3.91,5.96
13-02-2023,27159,9944,17215,63.38598623,Houston,Healthcare,Marketing,428,974,150,19.3,0.9
14-02-2023,24541,18395,6146,25.04380425,Houston,Retail,Sales,496,451,107,5.92,3.37
15-02-2023,45920,24816,21104,45.95818815,Los Angeles,Manufacturing,IT,372,257,115,2.93,0.9
16-02-2023,36531,22072,14459,39.58008267,Houston,Healthcare,HR,155,688,94,5.01,9.62
17-02-2023,11585,9243,2342,20.21579629,Chicago,Healthcare,Sales,188,590,130,27.71,8.07
18-02-2023,13943,25085,-11142,-79.91106648,New York,Healthcare,Sales,348,757,141,24.64,4.6
19-02-2023,33939,29917,4022,11.85067327,Chicago,Manufacturing,IT,450,954,91,10.62,2.24
20-02-2023,29457,26566,2891,9.814305598,Los Angeles,Manufacturing,HR,145,562,28,19.67,9.33
21-02-2023,11021,14916,-3895,-35.34162054,Los Angeles,Retail,Sales,437,324,139,16.12,3.45
22-02-2023,21653,28088,-6435,-29.71874567,Chicago,Finance,Sales,496,412,21,20.31,1.61
23-02-2023,23417,25806,-2389,-10.20199001,Houston,Healthcare,HR,386,714,90,20.48,5.63
24-02-2023,19692,14984,4708,23.90818607,Houston,Finance,Operations,346,958,83,18.86,9.44
25-02-2023,16873,6759,10114,59.94191904,Los Angeles,Manufacturing,Sales,438,912,107,7.98,0.04
26-02-2023,15675,14181,1494,9.531100478,San Francisco,Manufacturing,Marketing,465,565,15,1.17,2.38
27-02-2023,10161,7482,2679,26.36551521,Houston,Manufacturing,HR,263,187,145,13.67,9.38
28-02-2023,47065,29442,17623,37.44396048,Chicago,Finance,Sales,340,982,134,26.73,1.71
01-03-2023,36557,5951,30606,83.72131192,Houston,Manufacturing,IT,71,402,60,17.08,1.13
02-03-2023,43763,7079,36684,83.82423508,Chicago,Retail,Marketing,242,779,20,24.97,5.7
03-03-2023,42606,7717,34889,81.88752758,Los Angeles,Manufacturing,Sales,199,534,194,29.75,8.62
04-03-2023,21534,25908,-4374,-20.31206464,Houston,Technology,Marketing,417,781,136,4.91,4.77
05-03-2023,39127,14692,24435,62.45048176,Chicago,Finance,Marketing,296,234,149,20.75,9.95
06-03-2023,35851,29861,5990,16.70804162,Los Angeles,Technology,Operations,316,149,82,20.23,6.79
07-03-2023,11016,12311,-1295,-11.75562818,San Francisco,Manufacturing,Marketing,300,531,11,29.4,0.74
08-03-2023,34253,28570,5683,16.59124748,Chicago,Retail,Operations,52,439,17,29.57,9.93
09-03-2023,34276,23449,10827,31.58769985,San Francisco,Healthcare,HR,442,446,148,20.6,4.08
10-03-2023,33247,5768,27479,82.65106626,San Francisco,Manufacturing,Operations,365,745,133,7.31,2.87
11-03-2023,34300,10490,23810,69.41690962,New York,Retail,IT,125,446,62,23.96,5.58
12-03-2023,18529,20534,-2005,-10.82087538,Houston,Finance,Sales,136,748,19,3.21,3.04
13-03-2023,27262,11645,15617,57.28486538,Chicago,Technology,HR,319,344,121,23.42,0.86
14-03-2023,19268,26467,-7199,-37.36246627,San Francisco,Technology,HR,274,208,17,27.31,0.01
15-03-2023,31271,10232,21039,67.27958812,New York,Technology,IT,67,924,45,11.49,4.5
16-03-2023,22185,16485,5700,25.69303584,Los Angeles,Finance,Operations,162,898,115,18.92,8.37
17-03-2023,31243,10797,20446,65.44185898,Chicago,Retail,Sales,300,632,23,12.9,5.72
18-03-2023,49099,26310,22789,46.41438726,San Francisco,Finance,Operations,282,189,191,13.13,9.99
19-03-2023,18571,27400,-8829,-47.54186635,Houston,Technology,Marketing,378,395,95,9.31,2.87
20-03-2023,49976,24719,25257,50.53825836,New York,Manufacturing,Operations,328,211,158,22.86,2.8
21-03-2023,48044,17342,30702,63.90392141,San Francisco,Healthcare,HR,251,912,59,28.09,1.6
22-03-2023,12568,13038,-470,-3.73965627,Houston,Finance,Sales,132,688,176,28.22,1.64
23-03-2023,12027,21002,-8975,-74.6237632,San Francisco,Finance,Operations,174,276,29,5.24,2.85
24-03-2023,12695,18087,-5392,-42.47341473,Chicago,Retail,Sales,224,442,96,26.24,7.93
25-03-2023,15258,9873,5385,35.29296107,Chicago,Retail,Sales,118,759,144,22.12,9.06
26-03-2023,32002,6481,25521,79.74814074,Chicago,Finance,Marketing,96,200,146,7.59,9.75
27-03-2023,49504,15093,34411,69.51155462,New York,Technology,Marketing,421,857,138,2.02,2.32
28-03-2023,43159,27689,15470,35.84420399,Chicago,Healthcare,HR,305,728,163,8.04,8.81
29-03-2023,23986,24835,-849,-3.539564746,Houston,Retail,IT,264,703,175,27.37,3.28
30-03-2023,22666,19422,3244,14.31218565,San Francisco,Technology,Sales,79,500,47,19,1.13
31-03-2023,48660,21438,27222,55.9432799,Los Angeles,Manufacturing,IT,330,127,198,21.63,8.7
01-04-2023,13561,12643,918,6.769412285,Houston,Retail,HR,461,636,53,7.71,6.36
02-04-2023,36854,24846,12008,32.58262332,Houston,Technology,Sales,286,157,95,21.58,1.65
03-04-2023,48952,20708,28244,57.69733617,Chicago,Technology,Sales,297,597,53,0.84,4.3
04-04-2023,32662,16271,16391,50.18369971,New York,Healthcare,IT,417,396,83,11.26,2.87
05-04-2023,18392,22216,-3824,-20.79164854,San Francisco,Healthcare,Operations,74,233,128,18.8,7.37
06-04-2023,40535,17600,22935,56.5807327,New York,Manufacturing,Marketing,123,430,199,4.38,4.53
07-04-2023,23067,15998,7069,30.6455109,San Francisco,Technology,Operations,255,348,131,24.69,9.89
08-04-2023,33599,27338,6261,18.63448317,San Francisco,Technology,IT,363,649,143,7.05,0.55
09-04-2023,45222,19295,25927,57.33271417,New York,Healthcare,Marketing,143,174,154,19.57,3.55
10-04-2023,21837,15682,6155,28.18610615,Houston,Retail,Operations,424,753,60,12.16,4.82
11-04-2023,24039,21380,2659,11.06119223,San Francisco,Retail,Marketing,176,933,47,17.88,5.03
12-04-2023,40818,13519,27299,66.87980793,New York,Finance,Sales,474,267,161,3.22,3.16
13-04-2023,29115,28605,510,1.751674395,San Francisco,Healthcare,Operations,74,870,60,0.51,7.29
14-04-2023,20965,24694,-3729,-17.7867875,Los Angeles,Finance,Marketing,383,602,19,27.29,8.75
15-04-2023,34538,8300,26238,75.96849847,Houston,Healthcare,Marketing,404,984,129,8.09,9.39
16-04-2023,15056,11722,3334,22.14399575,Chicago,Manufacturing,Marketing,165,454,158,24.59,8.05
17-04-2023,42482,12218,30264,71.23958382,San Francisco,Technology,Operations,97,324,79,29.98,8.51
18-04-2023,18110,29160,-11050,-61.01601325,Los Angeles,Manufacturing,HR,275,763,94,6.34,5.51
19-04-2023,23773,25059,-1286,-5.40949817,Chicago,Healthcare,Operations,315,630,66,7.96,8.26
20-04-2023,37266,8054,29212,78.38780658,Chicago,Technology,IT,148,245,135,19.89,3.04
21-04-2023,27412,18575,8837,32.23770611,San Francisco,Retail,Operations,60,340,48,28.96,3.98
22-04-2023,43270,12970,30300,70.02542177,New York,Retail,Marketing,134,983,42,27.47,3.17
23-04-2023,16910,7143,9767,57.75872265,San Francisco,Finance,Sales,454,992,196,15.09,4.67
24-04-2023,35446,26591,8855,24.98166225,Los Angeles,Healthcare,Operations,263,443,27,23.85,2.86
25-04-2023,10206,14503,-4297,-42.1026847,Chicago,Healthcare,Operations,222,848,193,4.07,9.62
26-04-2023,31518,20149,11369,36.07145123,San Francisco,Retail,Marketing,440,134,66,29.32,3.13
27-04-2023,32361,23922,8439,26.0776861,New York,Manufacturing,Sales,258,801,105,28.93,0.98
28-04-2023,33419,17175,16244,48.6070798,San Francisco,Technology,Sales,497,100,57,4.91,5.27
29-04-2023,32403,25931,6472,19.97345925,Houston,Manufacturing,IT,431,252,51,8.98,0.57
30-04-2023,28141,27003,1138,4.04392168,New York,Manufacturing,Operations,113,528,36,3,1.11
01-05-2023,24820,13356,11464,46.18855761,Los Angeles,Retail,Sales,307,607,83,8.15,2.19
02-05-2023,16374,27996,-11622,-70.97838036,Chicago,Retail,Sales,381,225,119,24.48,4.64
03-05-2023,11678,26389,-14711,-125.971913,San Francisco,Retail,HR,170,590,189,11.35,4.33
04-05-2023,43827,20070,23757,54.20631118,New York,Finance,HR,347,581,179,2.65,8
05-05-2023,26198,5822,20376,77.77692954,Houston,Manufacturing,Sales,103,444,41,10.27,7.39
06-05-2023,19914,22327,-2413,-12.11710355,New York,Healthcare,IT,380,837,35,29.44,4.26
07-05-2023,37890,19289,18601,49.09210874,Houston,Technology,Sales,321,320,34,18.89,3.34
08-05-2023,32299,11150,21149,65.47880739,Los Angeles,Finance,Marketing,290,822,84,12.48,3.16
09-05-2023,12693,9425,3268,25.74647443,Chicago,Healthcare,Operations,292,124,32,5,7.74
10-05-2023,39467,21032,18435,46.70990954,Los Angeles,Manufacturing,IT,67,627,66,29.59,0.52
11-05-2023,39723,7198,32525,81.87951565,San Francisco,Retail,Marketing,236,281,189,24.63,0.13
12-05-2023,13627,25626,-11999,-88.05312982,New York,Manufacturing,IT,395,598,135,8.44,7.96
13-05-2023,35939,25079,10860,30.21786917,Houston,Technology,Marketing,193,940,96,2.1,4.77
14-05-2023,31834,8452,23382,73.44977069,Houston,Finance,Operations,311,740,40,1.7,1.31
15-05-2023,28047,14106,13941,49.70585089,New York,Finance,Operations,490,141,73,3.61,2.36
16-05-2023,36105,18859,17246,47.76623736,New York,Technology,HR,413,580,42,17.42,9.33
17-05-2023,20230,22692,-2462,-12.17004449,San Francisco,Healthcare,Marketing,480,947,11,27.86,8.6
18-05-2023,25707,25561,146,0.567938694,Los Angeles,Healthcare,HR,288,847,27,14.9,7.1
19-05-2023,31976,13705,18271,57.1397298,Houston,Finance,Marketing,353,971,184,25.29,4.82
20-05-2023,33776,15112,18664,55.25817148,San Francisco,Finance,HR,347,538,170,13.38,5.2
21-05-2023,40080,28236,11844,29.5508982,Los Angeles,Retail,Operations,125,501,93,21.26,9.75
22-05-2023,11306,27419,-16113,-142.5172475,San Francisco,Healthcare,IT,237,645,44,21.96,9.66
23-05-2023,16776,24978,-8202,-48.89127325,Houston,Technology,HR,382,444,188,5.22,2.15
24-05-2023,37251,9841,27410,73.58191726,New York,Healthcare,Marketing,437,992,123,10.84,8.11
25-05-2023,19474,20358,-884,-4.539385848,New York,Retail,Marketing,295,144,155,19.12,1.97
26-05-2023,31959,6409,25550,79.94618104,Los Angeles,Finance,Operations,179,745,119,2.12,2.14
27-05-2023,15530,9566,5964,38.40309079,Chicago,Finance,Marketing,364,120,97,10.85,6.76
28-05-2023,39320,16382,22938,58.33672431,Los Angeles,Retail,Sales,460,733,81,16.04,4.05
29-05-2023,13748,25875,-12127,-88.20919406,Chicago,Technology,IT,332,169,134,29.89,9.32
30-05-2023,41968,22939,19029,45.34168891,San Francisco,Finance,HR,128,963,39,14.24,0.89
31-05-2023,42562,19596,22966,53.9589305,San Francisco,Manufacturing,IT,121,972,181,24.48,5.12
01-06-2023,23545,5804,17741,75.34933107,Houston,Finance,Operations,312,147,62,12.96,9.19
02-06-2023,10663,18221,-7558,-70.88061521,Chicago,Manufacturing,HR,240,590,147,23.89,9.04
03-06-2023,44766,6279,38487,85.97373006,Houston,Retail,HR,416,650,96,17.86,1.57
04-06-2023,17994,18192,-198,-1.100366789,New York,Retail,Sales,424,386,189,26.6,3.67
05-06-2023,38021,12083,25938,68.2201941,Chicago,Finance,Operations,479,109,186,12.33,6.19
06-06-2023,40303,27370,12933,32.08942262,Los Angeles,Healthcare,Marketing,112,641,148,18.13,1.59
07-06-2023,13304,27003,-13699,-102.9690319,New York,Manufacturing,Sales,429,855,195,18.9,9.68
08-06-2023,49353,16093,33260,67.39205317,New York,Technology,Sales,61,373,173,12.52,9.15
09-06-2023,27675,22771,4904,17.71996387,Los Angeles,Finance,IT,190,699,170,4.33,1.67
10-06-2023,33938,17880,16058,47.31569332,New York,Technology,IT,303,855,184,2.81,1.21
11-06-2023,33664,20517,13147,39.0535884,Chicago,Finance,IT,92,480,22,0.5,0.85
12-06-2023,11636,24063,-12427,-106.7978687,Houston,Healthcare,Sales,66,428,49,26.21,9.09
13-06-2023,30080,7106,22974,76.37632979,New York,Healthcare,Marketing,112,578,98,7.09,1.94
14-06-2023,37728,29557,8171,21.65765479,Chicago,Healthcare,HR,302,114,77,6.35,4.16
15-06-2023,36736,21086,15650,42.60126307,San Francisco,Healthcare,IT,425,615,51,22.08,4.49
16-06-2023,38673,25607,13066,33.78584542,Chicago,Retail,Marketing,341,290,156,9.6,5.99
17-06-2023,47505,9831,37674,79.30533628,Houston,Retail,Operations,57,267,103,15.18,0.72
18-06-2023,10854,24152,-13298,-122.5170444,Chicago,Manufacturing,IT,374,620,28,4.88,2.27
19-06-2023,34548,8186,26362,76.30543013,Los Angeles,Technology,HR,139,720,195,28.79,9.31
20-06-2023,48623,7573,41050,84.42506633,Houston,Finance,Operations,257,236,32,25.55,9.08
21-06-2023,17392,17808,-416,-2.391904324,San Francisco,Finance,Operations,341,253,63,25.91,7.81
22-06-2023,31556,7599,23957,75.91900114,Los Angeles,Retail,HR,333,487,74,12.2,0.19
23-06-2023,48559,9033,39526,81.39788711,Chicago,Finance,IT,167,308,149,22.87,3.27
24-06-2023,36309,13428,22881,63.01743369,Houston,Retail,Sales,398,371,33,4.32,6.28
25-06-2023,31919,6304,25615,80.25000783,San Francisco,Manufacturing,HR,224,242,43,0.26,2.75
26-06-2023,14931,28752,-13821,-92.56580269,Los Angeles,Technology,HR,125,710,62,0.6,9.1
27-06-2023,42970,27261,15709,36.55806377,San Francisco,Manufacturing,HR,150,988,145,17.6,6.34
28-06-2023,22688,22685,3,0.013222849,Chicago,Healthcare,Operations,463,919,27,13.66,0.72
29-06-2023,35342,23925,11417,32.30434044,San Francisco,Healthcare,Marketing,200,168,66,15.54,9.09
30-06-2023,47157,23435,23722,50.30430265,New York,Healthcare,Sales,449,346,121,0.22,9.58
01-07-2023,12327,28193,-15866,-128.7093372,Los Angeles,Manufacturing,IT,319,360,14,12.68,0.78
02-07-2023,10197,13633,-3436,-33.69618515,San Francisco,Finance,IT,120,887,163,21.54,5.32
03-07-2023,33509,16372,17137,51.14148438,Chicago,Technology,Marketing,229,178,167,13.28,3.03
04-07-2023,44698,13996,30702,68.68763703,Chicago,Healthcare,HR,173,757,191,21.97,3.93
05-07-2023,25087,21458,3629,14.4656595,San Francisco,Healthcare,Sales,430,722,22,6.99,1.8
06-07-2023,32671,28365,4306,13.1798843,Chicago,Healthcare,IT,342,869,92,24.39,5.78
07-07-2023,35184,10475,24709,70.22794452,Houston,Technology,IT,334,704,38,17.65,9.58
08-07-2023,37848,29616,8232,21.75015853,Houston,Healthcare,HR,244,624,12,6.32,5.03
09-07-2023,30666,12184,18482,60.26870149,Houston,Technology,Marketing,448,871,99,7.1,0.83
10-07-2023,25708,27180,-1472,-5.725844095,New York,Healthcare,Sales,277,720,113,18.84,6.2
11-07-2023,36370,28525,7845,21.56997525,San Francisco,Manufacturing,Marketing,480,429,132,24.9,3.4
12-07-2023,12811,17875,-5064,-39.52853017,New York,Manufacturing,Marketing,479,288,195,12.47,8.56
13-07-2023,16546,6622,9924,59.97824248,Chicago,Technology,Sales,485,194,85,7.75,4.35
14-07-2023,44754,20988,23766,53.10363319,New York,Manufacturing,Sales,324,716,139,26.01,1.93
15-07-2023,40206,13041,27165,67.56454261,Chicago,Technology,IT,155,107,117,20.08,1.91
16-07-2023,21411,21725,-314,-1.466535893,Chicago,Manufacturing,IT,70,166,165,13.44,7.69
17-07-2023,12911,23458,-10547,-81.69003176,Los Angeles,Manufacturing,Sales,113,595,91,14.64,2.66
18-07-2023,11734,12992,-1258,-10.72098176,Houston,Technology,Operations,214,290,86,6.13,7.67
19-07-2023,28227,20646,7581,26.85726432,Chicago,Finance,IT,76,465,11,18.8,2.06
20-07-2023,18680,22029,-3349,-17.92826552,Los Angeles,Manufacturing,Operations,360,867,136,10.76,3.22
21-07-2023,29360,9263,20097,68.45027248,Houston,Healthcare,Sales,334,620,144,29.87,4.65
22-07-2023,28343,19060,9283,32.75235508,Chicago,Finance,IT,197,216,35,14.41,9.43
23-07-2023,15759,27520,-11761,-74.63036995,Chicago,Technology,Marketing,330,366,97,14.58,9.32
24-07-2023,33078,20156,12922,39.06523974,New York,Finance,Sales,375,710,25,16.98,2.07
25-07-2023,45153,13646,31507,69.7783093,New York,Retail,HR,368,584,160,27.5,3.58
26-07-2023,21111,16664,4447,21.06484771,Houston,Retail,Operations,213,608,177,24.02,1.49
27-07-2023,47504,7969,39535,83.22457056,Chicago,Manufacturing,Sales,435,397,197,13.53,5.1
28-07-2023,11802,8028,3774,31.97763091,San Francisco,Manufacturing,Sales,455,263,82,21.56,4.61
29-07-2023,18155,29027,-10872,-59.88432939,New York,Healthcare,IT,273,475,41,17.59,9.01
30-07-2023,18120,24065,-5945,-32.80905077,Houston,Finance,IT,321,752,24,14.77,9.3
31-07-2023,49384,8629,40755,82.52672931,Chicago,Retail,IT,195,367,150,5.77,3.84
01-08-2023,31918,25609,6309,19.76627608,Chicago,Manufacturing,HR,487,648,14,13.92,4.92
02-08-2023,30445,8067,22378,73.50303827,San Francisco,Finance,IT,405,173,83,7.37,8.96
03-08-2023,40306,10941,29365,72.85515804,Houston,Manufacturing,Sales,79,607,61,27.45,8.07
04-08-2023,26646,22770,3876,14.54627336,Chicago,Manufacturing,IT,94,172,86,10.06,0.04
05-08-2023,41065,24250,16815,40.9472787,New York,Retail,Marketing,324,407,178,28.57,3.2
06-08-2023,35199,26172,9027,25.64561493,San Francisco,Retail,IT,83,298,190,15.99,4.22
07-08-2023,26371,16555,9816,37.22270676,Houston,Manufacturing,HR,190,229,119,18.95,2.3
08-08-2023,21835,26874,-5039,-23.07762766,San Francisco,Technology,Marketing,476,857,187,16.29,2
09-08-2023,12049,18081,-6032,-50.06224583,New York,Manufacturing,Sales,367,923,152,3.88,0.38
10-08-2023,41616,25508,16108,38.70626682,Houston,Manufacturing,Sales,423,671,115,11.27,6.43
11-08-2023,48191,29724,18467,38.32043328,San Francisco,Healthcare,Operations,270,890,136,2.97,2.63
12-08-2023,30932,25234,5698,18.42105263,Los Angeles,Healthcare,Marketing,405,714,16,18.69,0.52
13-08-2023,39855,26799,13056,32.75875047,New York,Healthcare,Operations,71,907,49,13.41,2.31
14-08-2023,17158,29063,-11905,-69.38454365,New York,Technology,Marketing,229,931,165,23.34,8.02
15-08-2023,17400,11819,5581,32.07471264,New York,Technology,Marketing,485,586,169,6.61,8.51
16-08-2023,25151,29762,-4611,-18.33326707,Los Angeles,Manufacturing,HR,416,952,108,4.94,4.83
17-08-2023,11154,16046,-4892,-43.8587054,Los Angeles,Healthcare,Operations,469,250,152,12.19,4.16
18-08-2023,14499,22717,-8218,-56.67977102,Chicago,Technology,HR,378,768,94,27.8,9.78
19-08-2023,16295,25534,-9239,-56.69837373,San Francisco,Retail,Marketing,280,305,74,21.31,2.01
20-08-2023,22183,28150,-5967,-26.89897669,Chicago,Manufacturing,Sales,452,278,141,12.57,2.15
21-08-2023,39299,7711,31588,80.37863559,San Francisco,Finance,Marketing,87,296,20,15.52,2.92
22-08-2023,22874,9853,13021,56.92489289,Los Angeles,Manufacturing,HR,119,834,117,2.53,1.73
23-08-2023,42711,27596,15115,35.38900986,Los Angeles,Finance,Operations,165,188,35,29.54,3.79
24-08-2023,15539,28863,-13324,-85.74554347,Chicago,Healthcare,Operations,288,898,198,19.99,9.11
25-08-2023,12557,26792,-14235,-113.3630644,Houston,Finance,HR,384,533,174,8.56,6.15
26-08-2023,48360,12715,35645,73.70760959,Chicago,Healthcare,Operations,490,887,160,17.57,4.12
27-08-2023,26482,13942,12540,47.35291896,San Francisco,Retail,IT,197,847,94,3.28,9.34
28-08-2023,12200,20507,-8307,-68.09016393,Chicago,Finance,Sales,58,282,177,28.98,0.48
29-08-2023,12961,20826,-7865,-60.68204614,New York,Manufacturing,Sales,337,308,160,5.24,2.1
30-08-2023,31357,6762,24595,78.43543706,San Francisco,Healthcare,Sales,437,592,132,19.44,5.66
31-08-2023,21969,20850,1119,5.093540899,San Francisco,Manufacturing,Operations,99,229,153,7.36,6.16
01-09-2023,12869,17112,-4243,-32.97070479,Houston,Technology,Operations,387,764,198,21.53,0.4
02-09-2023,38643,28485,10158,26.28677898,Los Angeles,Healthcare,Marketing,54,112,77,23.3,4.03
03-09-2023,34736,29058,5678,16.34615385,San Francisco,Finance,Marketing,453,733,113,20.2,6.49
04-09-2023,48467,17652,30815,63.57934265,Los Angeles,Healthcare,Sales,392,970,89,18.43,6.98
05-09-2023,33328,11122,22206,66.62866059,Chicago,Manufacturing,IT,175,831,168,26.77,6.38
06-09-2023,35876,5481,30395,84.72237708,New York,Retail,Marketing,124,205,62,2.36,3.21
07-09-2023,31295,19536,11759,37.57469244,Houston,Healthcare,Marketing,214,474,115,9.93,0.94
08-09-2023,13987,5153,8834,63.15864732,Los Angeles,Finance,Operations,327,681,162,7.45,4.27
09-09-2023,32399,12617,19782,61.05744004,San Francisco,Technology,IT,491,806,53,29.64,1.29
10-09-2023,43986,6524,37462,85.168008,Los Angeles,Retail,Sales,373,797,149,11.68,9.48
11-09-2023,30880,7120,23760,76.94300518,San Francisco,Technology,Marketing,349,198,99,21.98,4.75
12-09-2023,14735,20048,-5313,-36.05700713,Los Angeles,Healthcare,IT,339,693,110,20.54,3.17
13-09-2023,14555,7343,7212,49.54998282,San Francisco,Manufacturing,IT,126,686,106,6.36,7.66
14-09-2023,29830,10136,19694,66.02078445,Chicago,Manufacturing,Sales,347,985,18,7.17,4.98
15-09-2023,27429,27144,285,1.039046265,San Francisco,Finance,IT,186,951,21,8.44,3.1
16-09-2023,16893,6240,10653,63.06162316,San Francisco,Manufacturing,IT,155,291,78,12.33,8.12
17-09-2023,24373,5060,19313,79.2393222,New York,Retail,IT,144,424,191,7.03,8.67
18-09-2023,13436,14130,-694,-5.165227746,San Francisco,Manufacturing,Marketing,184,825,191,0.59,6.73
19-09-2023,18754,23023,-4269,-22.76314386,New York,Finance,Sales,117,926,37,26.38,0.47
20-09-2023,20677,27569,-6892,-33.33172124,Houston,Healthcare,IT,196,566,65,28.97,5.66
21-09-2023,15895,17312,-1417,-8.914753067,New York,Healthcare,IT,208,993,108,10.25,7.63
22-09-2023,29738,18350,11388,38.29443809,Chicago,Manufacturing,Marketing,433,466,119,10.16,1.37
23-09-2023,40746,29354,11392,27.95857262,New York,Technology,Sales,212,417,86,0.21,2.29
24-09-2023,42352,17418,24934,58.87325274,Houston,Healthcare,Operations,490,243,112,20.41,8.82
25-09-2023,49790,6252,43538,87.4432617,Chicago,Manufacturing,Marketing,390,483,115,24.76,0.2
26-09-2023,15600,25587,-9987,-64.01923077,Los Angeles,Finance,Sales,238,315,118,4.4,7.53
27-09-2023,39124,13363,25761,65.84449443,Los Angeles,Manufacturing,IT,464,460,121,4.79,4.74
28-09-2023,37643,14650,22993,61.08174163,New York,Healthcare,Sales,388,423,67,23.7,4.47
29-09-2023,19007,24933,-5926,-31.17798706,New York,Finance,Sales,144,114,87,18.49,0.07
30-09-2023,47410,25581,21829,46.0430289,Houston,Manufacturing,Sales,230,316,84,1.35,8.19
01-10-2023,18208,28393,-10185,-55.93695079,Houston,Retail,Operations,337,591,51,18.68,3.6
02-10-2023,28589,28051,538,1.881842667,San Francisco,Finance,Sales,371,646,175,9.27,5.41
03-10-2023,27453,23706,3747,13.64878155,Houston,Retail,Operations,236,282,77,11.06,6.77
04-10-2023,46212,21314,24898,53.87778066,San Francisco,Technology,IT,421,369,190,23.09,7.03
05-10-2023,42635,9090,33545,78.67948868,Chicago,Finance,Operations,187,566,42,24.33,9.56
06-10-2023,43828,11960,31868,72.71150862,New York,Retail,IT,179,969,80,12.01,5.31
07-10-2023,28711,8004,20707,72.12218314,Chicago,Healthcare,IT,243,711,65,28.41,4
08-10-2023,13420,26520,-13100,-97.61549925,Houston,Healthcare,Operations,365,618,114,12.19,9.54
09-10-2023,41216,21713,19503,47.31900233,Chicago,Technology,Marketing,322,641,110,23.16,6.42
10-10-2023,10301,8640,1661,16.12464809,Chicago,Finance,HR,401,566,60,14.52,2.98
11-10-2023,10699,29366,-18667,-174.4742499,Chicago,Finance,Sales,193,404,83,26.93,1.26
12-10-2023,10190,25491,-15301,-150.1570167,Houston,Finance,HR,65,243,180,27.23,8.43
13-10-2023,20492,6341,14151,69.05621706,Chicago,Technology,Sales,351,210,130,2.62,3.62
14-10-2023,45743,16855,28888,63.15283213,San Francisco,Finance,Sales,472,331,152,28.09,6.6
15-10-2023,16102,29791,-13689,-85.01428394,Houston,Healthcare,IT,294,790,175,24.77,4.71
16-10-2023,29778,5338,24440,82.07401437,Chicago,Retail,Sales,464,683,152,23.74,1.99
17-10-2023,36641,10895,25746,70.26554952,Houston,Healthcare,Sales,156,821,14,6.03,6.02
18-10-2023,44584,17254,27330,61.30001794,Los Angeles,Healthcare,Operations,137,831,92,24.15,0.61
19-10-2023,42745,24092,18653,43.63785238,San Francisco,Retail,HR,178,691,191,25.5,4.13
20-10-2023,33093,16344,16749,50.61191188,Chicago,Healthcare,Operations,444,599,60,8.67,5.47
21-10-2023,10569,6750,3819,36.13397672,Los Angeles,Technology,Sales,424,694,19,28.57,4.36
22-10-2023,48210,26988,21222,44.01991288,Los Angeles,Retail,IT,390,653,149,1.5,7.49
23-10-2023,44663,7421,37242,83.38445693,Houston,Healthcare,Operations,53,372,13,4.5,8.28
24-10-2023,46631,12119,34512,74.01085115,Los Angeles,Manufacturing,Operations,376,802,104,16.13,7.71
25-10-2023,17455,10319,7136,40.88226869,San Francisco,Healthcare,Marketing,459,272,155,17.27,0.39
26-10-2023,14014,20896,-6882,-49.10803482,San Francisco,Technology,Sales,416,106,89,19.35,1.94
27-10-2023,21093,27993,-6900,-32.71227421,New York,Finance,IT,355,254,45,0.51,5.37
28-10-2023,28070,26771,1299,4.627716423,San Francisco,Healthcare,Operations,445,621,34,28.81,9.35
29-10-2023,45777,16918,28859,63.04257597,Los Angeles,Finance,Operations,144,645,107,1.34,8.35
30-10-2023,26538,25377,1161,4.374858693,San Francisco,Manufacturing,IT,258,647,173,4.29,8.43
31-10-2023,20729,29428,-8699,-41.96536254,Houston,Healthcare,Sales,274,617,110,0.42,3.03
01-11-2023,44177,18849,25328,57.33300134,New York,Retail,Marketing,397,314,18,17.01,4.29
02-11-2023,10784,29622,-18838,-174.6847181,Los Angeles,Finance,Operations,370,233,70,27.97,4.71
03-11-2023,37751,9873,27878,73.84705041,New York,Manufacturing,Marketing,96,384,62,19.98,1.57
04-11-2023,22533,9806,12727,56.48160476,Los Angeles,Retail,HR,230,225,155,24.68,0.31
05-11-2023,49974,13592,36382,72.80185697,Houston,Retail,Sales,155,538,180,0.4,9.47
06-11-2023,15801,17182,-1381,-8.739953168,New York,Retail,HR,248,948,172,16.26,2.41
07-11-2023,29190,27297,1893,6.485097636,Chicago,Retail,HR,435,785,72,13.79,2.4
08-11-2023,48754,28508,20246,41.52684908,Los Angeles,Healthcare,HR,155,251,130,14.97,0.83
09-11-2023,39592,24541,15051,38.01525561,Chicago,Healthcare,Sales,329,430,114,2.17,9.29
10-11-2023,20647,21774,-1127,-5.458420109,New York,Healthcare,Sales,309,637,13,20.53,5.8
11-11-2023,18716,17045,1671,8.928189784,Chicago,Manufacturing,IT,157,482,102,15.1,6.67
12-11-2023,33355,9430,23925,71.72837656,Chicago,Manufacturing,Marketing,68,214,178,22.95,9.12
13-11-2023,32009,13820,18189,56.82464307,New York,Manufacturing,Marketing,459,993,182,14.56,3.46
14-11-2023,34376,29070,5306,15.43518734,Houston,Technology,IT,345,581,187,4.48,6.22
15-11-2023,14780,9232,5548,37.53721245,Chicago,Manufacturing,IT,355,383,37,19.45,0.39
16-11-2023,12368,16122,-3754,-30.35252264,Chicago,Healthcare,HR,220,998,179,5.17,1.87
17-11-2023,22039,20023,2016,9.147420482,Houston,Healthcare,IT,380,174,89,26.17,8.31
18-11-2023,16655,13007,3648,21.90333233,Chicago,Technology,Operations,244,265,85,18.39,7.67
19-11-2023,14495,22905,-8410,-58.0200069,Chicago,Technology,Marketing,61,288,125,4.72,3.51
20-11-2023,20893,14018,6875,32.90575791,Chicago,Manufacturing,IT,244,177,78,28.87,3.77
21-11-2023,35547,6500,29047,81.71435002,San Francisco,Finance,Operations,332,701,107,15.55,5.34
22-11-2023,32386,11737,20649,63.75903168,Houston,Technology,Operations,418,787,10,2.19,0
23-11-2023,23403,8294,15109,64.56009913,Chicago,Retail,Operations,231,120,176,18.8,2.41
24-11-2023,42097,26469,15628,37.12378554,Houston,Healthcare,Operations,499,665,105,7.6,2.08
25-11-2023,23121,23803,-682,-2.949699407,Los Angeles,Retail,HR,354,283,26,24.11,2.5
26-11-2023,20966,24426,-3460,-16.50290947,Los Angeles,Healthcare,Operations,193,970,121,24.53,8.06
27-11-2023,43621,9497,34124,78.22837624,Chicago,Healthcare,HR,435,321,100,29.37,2.8
28-11-2023,38312,22850,15462,40.35811234,Houston,Technology,HR,365,926,97,15.06,1.92
29-11-2023,32677,24945,7732,23.66190287,Houston,Technology,Operations,231,427,172,13.65,5.04
30-11-2023,41289,5614,35675,86.40315823,Houston,Retail,Marketing,79,278,183,22.6,8.66
01-12-2023,41024,26776,14248,34.73088924,San Francisco,Healthcare,Operations,133,887,179,3.97,2.41
02-12-2023,14777,29077,-14300,-96.77201056,Los Angeles,Retail,Operations,215,211,176,16.41,0.79
03-12-2023,39749,14374,25375,63.83808398,Houston,Finance,Operations,333,835,99,16.39,3.56
04-12-2023,25338,24607,731,2.884994869,Houston,Retail,Marketing,330,825,58,2.68,7.48
05-12-2023,12491,28522,-16031,-128.3404051,San Francisco,Manufacturing,Sales,145,158,199,12.54,5.51
06-12-2023,37236,7667,29569,79.40971103,San Francisco,Retail,Sales,430,426,47,25.6,8.17
07-12-2023,24599,29364,-4765,-19.37070613,Houston,Manufacturing,HR,315,720,160,25.68,9.6
08-12-2023,29508,18409,11099,37.61352853,New York,Manufacturing,HR,493,996,159,2.98,7.93
09-12-2023,13051,21514,-8463,-64.8456057,Houston,Manufacturing,Marketing,347,768,141,2.72,6.04
10-12-2023,31606,7983,23623,74.74213757,Houston,Finance,IT,345,290,186,7.88,4.93
11-12-2023,31699,25662,6037,19.04476482,San Francisco,Retail,Sales,274,299,68,26.24,0.4
12-12-2023,10876,28510,-17634,-162.136815,San Francisco,Retail,HR,382,411,77,3.87,9.84
13-12-2023,42093,17651,24442,58.06666192,Houston,Finance,Sales,410,807,139,21.6,3.83
14-12-2023,14142,13230,912,6.448875689,Houston,Healthcare,Marketing,423,134,58,3.03,1.52
15-12-2023,25202,29078,-3876,-15.37973177,Houston,Technology,Marketing,91,478,135,18.69,6.67
16-12-2023,49734,11640,38094,76.595488,San Francisco,Retail,IT,352,486,168,10.68,2.84
17-12-2023,17079,16779,300,1.756543123,Houston,Technology,IT,470,857,120,23.67,5.86
18-12-2023,17987,26852,-8865,-49.28559515,Houston,Finance,Marketing,295,336,177,7.01,5.87
19-12-2023,49567,20317,29250,59.01103557,Chicago,Healthcare,HR,257,715,57,19.18,4.46
20-12-2023,38940,22304,16636,42.72213662,New York,Healthcare,Sales,286,618,60,7.07,8.36
21-12-2023,47233,12564,34669,73.39995342,Los Angeles,Healthcare,Operations,71,382,52,21.41,2.65
22-12-2023,27019,20520,6499,24.05344387,New York,Finance,IT,234,100,107,26.21,4.49
23-12-2023,28077,18737,9340,33.26566229,Chicago,Manufacturing,Operations,291,830,192,3.8,5.38
24-12-2023,36258,14323,21935,60.49699377,Los Angeles,Manufacturing,HR,412,563,186,26,6.64
25-12-2023,31136,20229,10907,35.03019013,Houston,Technology,IT,332,329,133,17.81,7.84
26-12-2023,18311,16713,1598,8.726994703,Chicago,Manufacturing,Operations,90,271,89,3.81,3.95
27-12-2023,27214,13502,13712,50.38583082,Houston,Manufacturing,HR,385,186,194,12.83,6.46
28-12-2023,24098,24625,-527,-2.186903477,San Francisco,Healthcare,Sales,211,652,120,4.83,1.51
29-12-2023,38251,5545,32706,85.50364696,Chicago,Healthcare,HR,209,222,152,21.01,9.33
30-12-2023,47945,9346,38599,80.50683074,San Francisco,Technology,IT,138,942,36,22.77,3.83
31-12-2023,35945,14996,20949,58.28070664,Chicago,Retail,Marketing,371,397,167,3.17,7.3
01-01-2024,35316,20775,14541,41.17397214,Chicago,Technology,Sales,61,984,173,15.18,0.2
02-01-2024,42217,18919,23298,55.18629936,San Francisco,Technology,Operations,473,789,122,24.44,2.05
03-01-2024,18308,8810,9498,51.87896002,Los Angeles,Finance,IT,122,674,95,28.08,4.87
04-01-2024,15949,12206,3743,23.46855602,New York,Finance,Marketing,125,583,123,15.41,8.78
05-01-2024,11150,14005,-2855,-25.60538117,Houston,Technology,HR,395,264,133,28.51,5.27
06-01-2024,33944,21371,12573,37.04041951,Chicago,Technology,Marketing,250,798,58,16.07,9.3
07-01-2024,44699,17316,27383,61.26087832,Houston,Technology,IT,59,482,85,11.83,4.84
08-01-2024,19204,23416,-4212,-21.93293064,San Francisco,Manufacturing,IT,401,308,64,25.45,4.9
09-01-2024,11081,13436,-2355,-21.25259453,Houston,Finance,Marketing,275,838,65,14.79,1.2
10-01-2024,39305,17984,21321,54.245007,San Francisco,Technology,HR,225,531,104,14.16,8.03
11-01-2024,26896,5271,21625,80.4022903,Houston,Healthcare,Marketing,325,488,53,14.71,2.47
12-01-2024,17805,24895,-7090,-39.8202752,New York,Healthcare,IT,88,659,168,25.4,9
13-01-2024,15237,23155,-7918,-51.96561003,New York,Manufacturing,IT,109,323,195,24.96,9.11
14-01-2024,30056,15616,14440,48.04365185,New York,Manufacturing,Operations,115,102,96,12.11,9.43
15-01-2024,13343,9361,3982,29.84336356,New York,Retail,Operations,370,471,190,10,5.2
16-01-2024,23500,12069,11431,48.64255319,New York,Retail,Sales,484,786,93,14.76,6.77
17-01-2024,39375,22304,17071,43.35492063,New York,Retail,IT,173,545,160,17.18,7.79
18-01-2024,19662,29574,-9912,-50.41196216,San Francisco,Manufacturing,Operations,213,710,165,7.15,1.31
19-01-2024,26964,8430,18534,68.73609257,Chicago,Manufacturing,Marketing,457,215,25,23.82,6.01
20-01-2024,18130,25819,-7689,-42.41036955,Houston,Manufacturing,HR,460,369,174,14.59,0.34
21-01-2024,29531,17676,11855,40.14425519,New York,Healthcare,Marketing,435,546,158,10.02,4.98
22-01-2024,11679,15816,-4137,-35.4225533,San Francisco,Manufacturing,HR,208,467,154,3.2,1.55
23-01-2024,13506,25144,-11638,-86.16911003,San Francisco,Healthcare,Operations,106,352,46,7.17,1.83
24-01-2024,23284,7050,16234,69.7216973,San Francisco,Retail,Sales,127,416,86,28.48,3.65
25-01-2024,17253,16692,561,3.251608416,Chicago,Retail,Marketing,243,514,156,9.15,4.32
26-01-2024,29128,6165,22963,78.83479813,Houston,Retail,Marketing,334,194,167,5.07,6.23
27-01-2024,37932,29951,7981,21.04028261,Chicago,Technology,Marketing,64,884,54,13.82,0.74
28-01-2024,19435,7033,12402,63.81270903,Los Angeles,Technology,HR,61,991,155,9.21,5.04
29-01-2024,23296,27851,-4555,-19.55271291,San Francisco,Finance,Operations,150,123,71,1.05,1.83
30-01-2024,40445,5145,35300,87.27902089,Los Angeles,Finance,Marketing,205,727,173,9.69,5.74
31-01-2024,23245,19269,3976,17.10475371,New York,Finance,Marketing,389,762,109,16.32,6.37
01-02-2024,39124,25772,13352,34.12738984,New York,Technology,Sales,174,949,61,16.55,5.57
02-02-2024,39899,12832,27067,67.83879295,Chicago,Technology,Sales,408,149,28,10.7,7.38
03-02-2024,45247,29557,15690,34.67633213,Houston,Finance,Operations,329,601,118,13.42,3.36
04-02-2024,39222,19286,19936,50.82861659,Los Angeles,Finance,Operations,454,817,53,28.97,7.65
05-02-2024,36211,7632,28579,78.92353152,Houston,Manufacturing,IT,443,597,16,11.32,4.33
06-02-2024,47220,9494,37726,79.89411266,Chicago,Finance,Sales,159,434,181,7.75,4.84
07-02-2024,36646,20152,16494,45.00900508,New York,Manufacturing,IT,383,178,126,7.3,6.48
08-02-2024,48649,29440,19209,39.4848815,Houston,Healthcare,HR,406,681,77,13.73,0.18
09-02-2024,33049,28895,4154,12.56921541,Houston,Technology,IT,195,126,43,22.79,6.54
10-02-2024,24069,14155,9914,41.18991234,New York,Finance,Marketing,265,370,78,6.18,6.19
11-02-2024,42580,15426,27154,63.77172381,Los Angeles,Technology,IT,447,661,64,21.28,3.1
12-02-2024,41843,15233,26610,63.59486652,New York,Technology,Operations,211,903,19,0.63,0.86
13-02-2024,12849,6828,6021,46.8596778,Houston,Technology,HR,177,346,51,12.57,0.91
14-02-2024,33289,17260,16029,48.15104088,Los Angeles,Healthcare,Marketing,363,875,50,23.28,9.23
15-02-2024,45257,14130,31127,68.77831054,Los Angeles,Retail,IT,381,690,131,10.16,6.89
16-02-2024,19823,9805,10018,50.5372547,New York,Finance,HR,199,486,147,16.91,1.27
17-02-2024,19540,5806,13734,70.28659161,Houston,Retail,HR,85,801,19,6.15,3.57
18-02-2024,26364,28870,-2506,-9.505386133,Chicago,Retail,Marketing,222,658,111,22.26,5.92
19-02-2024,14611,13202,1409,9.643419342,Houston,Retail,IT,469,460,197,1.57,8.36
20-02-2024,37663,6868,30795,81.76459655,San Francisco,Technology,HR,71,965,137,25.58,0.44
21-02-2024,48646,19561,29085,59.78908852,Chicago,Manufacturing,HR,255,587,188,5.95,2.37
22-02-2024,40977,20512,20465,49.94265076,Los Angeles,Technology,Sales,176,451,158,26.23,8.9
23-02-2024,39168,29262,9906,25.29105392,Chicago,Technology,HR,385,800,145,10.58,0.09
24-02-2024,35471,19899,15572,43.90065124,Los Angeles,Retail,Sales,494,355,101,21.68,2.01
25-02-2024,32687,27074,5613,17.17196439,Los Angeles,Technology,IT,405,321,122,9.58,9.59
26-02-2024,10851,29211,-18360,-169.2009953,Chicago,Retail,IT,489,983,87,27.18,6.13
27-02-2024,28071,21220,6851,24.40597057,Los Angeles,Manufacturing,IT,266,852,94,3.8,2.62
28-02-2024,16833,20934,-4101,-24.36285867,Los Angeles,Finance,Operations,145,880,39,5.36,0.67
29-02-2024,21938,10429,11509,52.46148236,San Francisco,Retail,IT,466,100,58,14.79,0.28
01-03-2024,45195,14076,31119,68.85496183,Houston,Manufacturing,HR,478,645,18,2.46,2.45
02-03-2024,36144,8564,27580,76.30588756,Houston,Finance,Marketing,213,545,154,5.88,8.81
03-03-2024,14000,6389,7611,54.36428571,San Francisco,Healthcare,Sales,197,178,78,28.31,4.16
04-03-2024,15052,16593,-1541,-10.23784215,Chicago,Retail,Operations,67,335,67,29.29,7.2
05-03-2024,45506,12274,33232,73.02773261,New York,Retail,IT,343,433,194,11.29,9.18
06-03-2024,38074,22208,15866,41.67148185,New York,Healthcare,IT,244,988,71,27.7,4.08
07-03-2024,48155,23649,24506,50.88983491,New York,Healthcare,Marketing,200,448,61,16.34,1.91
08-03-2024,42320,22320,20000,47.25897921,San Francisco,Retail,Marketing,414,197,198,8.09,5.17
09-03-2024,48304,15745,32559,67.40435575,San Francisco,Healthcare,Operations,172,181,49,21.07,9.08
10-03-2024,13913,27786,-13873,-99.7124991,Los Angeles,Technology,Sales,449,601,175,19.77,8.04
11-03-2024,27450,19199,8251,30.0582878,New York,Finance,IT,236,576,180,29.67,0.66
12-03-2024,34107,25229,8878,26.02984725,Chicago,Finance,Operations,198,803,72,7.95,6.93
13-03-2024,30764,20876,9888,32.14146405,Chicago,Finance,HR,153,864,156,20.16,5.72
14-03-2024,30491,23180,7311,23.97756715,New York,Technology,HR,292,649,59,1.56,9.07
15-03-2024,48494,13245,35249,72.68734276,New York,Healthcare,Operations,280,113,170,3.41,1.22
16-03-2024,13373,12214,1159,8.666716518,New York,Manufacturing,IT,255,491,150,0.12,5.34
17-03-2024,22161,5726,16435,74.1618158,San Francisco,Healthcare,Operations,247,446,87,29.98,8.79
18-03-2024,41996,24120,17876,42.56595866,San Francisco,Retail,IT,445,409,106,24.07,4.1
19-03-2024,37122,18832,18290,49.26997468,San Francisco,Finance,Marketing,449,485,199,23.6,4.82
20-03-2024,44850,16362,28488,63.51839465,Houston,Healthcare,Operations,386,308,52,15.29,0.7
21-03-2024,37350,23297,14053,37.62516734,Chicago,Manufacturing,IT,136,456,186,9,2.78
22-03-2024,37472,15106,22366,59.68723313,Chicago,Retail,Operations,191,700,45,4.54,3.25
23-03-2024,38761,12657,26104,67.3460437,Los Angeles,Technology,Operations,366,667,131,8.54,9.45
24-03-2024,35351,23850,11501,32.53373313,San Francisco,Technology,IT,248,193,117,11.28,2.83
25-03-2024,33132,28696,4436,13.38886877,Houston,Manufacturing,IT,95,192,19,22.69,4.61
26-03-2024,25305,19551,5754,22.73858921,Houston,Retail,Sales,337,439,104,16.19,6.71
27-03-2024,19817,29578,-9761,-49.25568956,Chicago,Finance,Operations,64,696,15,2.32,1.62
28-03-2024,21261,12906,8355,39.29730492,San Francisco,Healthcare,HR,93,544,66,0.54,4.86
29-03-2024,10417,26260,-15843,-152.0879332,Los Angeles,Retail,Operations,450,856,138,3.07,7.39
30-03-2024,30358,12287,18071,59.52631926,San Francisco,Technology,Operations,218,121,80,12.31,8.67
31-03-2024,13267,5892,7375,55.58905555,New York,Manufacturing,IT,359,390,195,28,6.26
01-04-2024,27209,15222,11987,44.05527583,San Francisco,Manufacturing,Operations,93,584,30,19.12,6.69
02-04-2024,34052,9675,24377,71.58757195,New York,Healthcare,Operations,147,883,101,24.05,1.26
03-04-2024,48513,6933,41580,85.70898522,New York,Manufacturing,HR,310,405,136,13.99,9.46
04-04-2024,36092,22764,13328,36.92785105,Los Angeles,Manufacturing,IT,158,733,89,10.85,1.33
05-04-2024,21338,16873,4465,20.92511013,Chicago,Retail,Operations,332,227,65,3.25,7.75
06-04-2024,10412,22674,-12262,-117.76796,San Francisco,Finance,Marketing,421,724,125,26.28,2.65
07-04-2024,17543,23024,-5481,-31.24323092,New York,Healthcare,Sales,392,372,157,23.49,9.34
08-04-2024,43496,18239,25257,58.0674085,San Francisco,Retail,HR,153,947,191,5.04,7.2
09-04-2024,33548,28874,4674,13.93227614,Chicago,Finance,Operations,305,541,34,15.37,7.54
10-04-2024,37384,15874,21510,57.53798416,Chicago,Retail,Marketing,428,602,165,14.62,2.19
11-04-2024,48756,22602,26154,53.6426286,Houston,Retail,Operations,255,229,14,18.75,4.43
12-04-2024,28888,10016,18872,65.32816394,Chicago,Manufacturing,Operations,384,231,129,28.39,6.18
13-04-2024,45735,28265,17470,38.19831639,Los Angeles,Finance,IT,92,696,30,17.39,7.7
14-04-2024,27506,18774,8732,31.74580092,New York,Healthcare,IT,402,581,27,16.21,1.04
15-04-2024,30463,14752,15711,51.57404064,Houston,Healthcare,IT,294,961,184,1.51,9.62
16-04-2024,27955,22338,5617,20.09300662,Los Angeles,Finance,Marketing,336,489,66,1.89,8.9
17-04-2024,47841,20585,27256,56.97205326,San Francisco,Manufacturing,Operations,404,692,102,5.62,2.7
18-04-2024,15104,12291,2813,18.62420551,New York,Technology,Sales,322,424,28,0.97,8.23
19-04-2024,44911,5974,38937,86.69813631,Chicago,Retail,HR,132,168,137,22.3,5.18
20-04-2024,33190,9133,24057,72.4826755,New York,Manufacturing,IT,159,759,106,21.7,4.62
21-04-2024,17357,19663,-2306,-13.28570606,San Francisco,Finance,IT,487,547,140,4.08,3.14
22-04-2024,42479,26754,15725,37.01829139,Houston,Retail,Operations,239,627,179,25.08,5.81
23-04-2024,46208,8972,37236,80.58344875,Houston,Healthcare,Operations,337,918,30,4.64,7.3
24-04-2024,30150,10295,19855,65.85406302,Houston,Technology,Marketing,473,716,49,9.04,4.11
25-04-2024,15644,18913,-3269,-20.89619023,Chicago,Healthcare,Marketing,446,264,76,7.47,6.29
26-04-2024,12914,14105,-1191,-9.222549171,Los Angeles,Finance,IT,300,587,162,11.17,6.99
27-04-2024,31352,13228,18124,57.80811431,Los Angeles,Retail,Operations,261,812,136,7.64,7.11
28-04-2024,24397,14903,9494,38.91462065,New York,Finance,Sales,340,808,64,14.67,0.52
29-04-2024,10728,8020,2708,25.24235645,Chicago,Retail,HR,182,525,189,12.22,8.6
30-04-2024,10698,13987,-3289,-30.74406431,Houston,Manufacturing,Operations,250,796,181,29.6,4.58
01-05-2024,49954,25420,24534,49.11318413,Houston,Technology,Operations,334,933,118,1.68,2.62
02-05-2024,23923,26452,-2529,-10.57141663,San Francisco,Manufacturing,Marketing,375,364,107,4.27,2.42
03-05-2024,26779,17880,8899,33.2312633,San Francisco,Manufacturing,HR,458,974,193,1.58,4.83
04-05-2024,17400,10233,7167,41.18965517,Houston,Finance,IT,144,711,192,18.78,8.87
05-05-2024,34466,14516,19950,57.8831312,Houston,Technology,Operations,327,441,121,1.64,3.78
06-05-2024,46939,19559,27380,58.33102537,Chicago,Retail,IT,499,931,124,25.09,7.5
07-05-2024,14360,21701,-7341,-51.12116992,Los Angeles,Retail,Operations,478,825,126,15.36,0.97
08-05-2024,45270,7396,37874,83.66246963,San Francisco,Healthcare,IT,374,377,96,15.81,4.76
09-05-2024,27101,23546,3555,13.11759714,Los Angeles,Retail,HR,268,773,90,16.85,9.92
10-05-2024,42307,24129,18178,42.96688491,Chicago,Finance,Marketing,138,538,75,5.12,7.7
11-05-2024,15486,6591,8895,57.43897714,Houston,Manufacturing,HR,121,256,28,5.93,2.11
12-05-2024,18335,16303,2032,11.08262885,Los Angeles,Manufacturing,Sales,296,521,144,9.56,5.01
13-05-2024,31364,11183,20181,64.34447137,Houston,Manufacturing,Marketing,178,350,127,17.8,2.34
14-05-2024,47259,25314,21945,46.43559957,Houston,Technology,HR,261,977,51,6.3,4.1
15-05-2024,33576,6312,27264,81.20085776,New York,Retail,Sales,477,708,51,3.49,7.8
16-05-2024,41667,25695,15972,38.33249334,Los Angeles,Finance,Operations,392,629,68,29.1,7.71
17-05-2024,21130,12314,8816,41.72266919,Los Angeles,Technology,Operations,145,426,29,0.66,2.28
18-05-2024,31972,23767,8205,25.6630802,Houston,Healthcare,IT,124,994,82,24.08,9.22
19-05-2024,11167,24623,-13456,-120.4978956,Chicago,Finance,Marketing,472,196,26,23.64,5.93
20-05-2024,37192,7139,30053,80.80501183,New York,Finance,Operations,103,612,36,8.92,3.8
21-05-2024,11062,19688,-8626,-77.9786657,Houston,Finance,Marketing,393,315,184,4.07,5.02
22-05-2024,28540,23088,5452,19.10301331,San Francisco,Manufacturing,Operations,462,231,11,4.37,6.05
23-05-2024,34244,11924,22320,65.17930148,San Francisco,Finance,IT,103,359,72,20.92,5.6
24-05-2024,31545,5362,26183,83.00206055,New York,Retail,HR,267,224,71,19.28,4.86
25-05-2024,31689,23988,7701,24.3018082,Chicago,Finance,IT,65,181,109,23.48,5.05
26-05-2024,21174,18481,2693,12.71842826,Houston,Manufacturing,Sales,148,382,28,28.12,1.76
27-05-2024,32925,25670,7255,22.03492787,Los Angeles,Finance,Operations,69,782,26,20.76,8.13
28-05-2024,47497,8738,38759,81.60304861,New York,Healthcare,Sales,95,158,78,4.68,5.42
29-05-2024,19348,7469,11879,61.39652677,Chicago,Healthcare,Sales,242,643,176,7.3,1.31
30-05-2024,33714,26179,7535,22.34976568,Los Angeles,Manufacturing,Marketing,432,260,126,25.27,7.66
31-05-2024,48102,27534,20568,42.75913683,San Francisco,Retail,Operations,107,383,90,6.28,9.32
01-06-2024,18924,21106,-2182,-11.53033185,San Francisco,Retail,Sales,486,205,48,2.18,9.47
02-06-2024,47098,21940,25158,53.41628095,Los Angeles,Technology,HR,160,204,45,21.1,3.69
03-06-2024,34394,14017,20377,59.24579869,New York,Manufacturing,Sales,178,538,177,12.08,1.36
04-06-2024,16801,7808,8993,53.5265758,San Francisco,Finance,HR,386,327,182,27.6,5.18
05-06-2024,47614,21370,26244,55.11824253,Houston,Manufacturing,Marketing,243,799,141,19.51,1.13
06-06-2024,16731,26534,-9803,-58.59183551,Los Angeles,Technology,Sales,462,681,162,2.71,9.34
07-06-2024,33625,19870,13755,40.9070632,Los Angeles,Manufacturing,IT,389,417,167,28.44,1.84
08-06-2024,27337,17713,9624,35.20503347,San Francisco,Manufacturing,Marketing,375,563,38,7.76,2.53
09-06-2024,45307,12561,32746,72.27580727,New York,Technology,HR,57,901,60,10.12,4.07
10-06-2024,17056,7719,9337,54.74319887,Houston,Retail,Marketing,78,698,161,12.07,3.83
11-06-2024,21516,27890,-6374,-29.62446551,New York,Finance,Sales,161,981,23,1.54,7.95
12-06-2024,11542,16700,-5158,-44.68896205,Chicago,Technology,Operations,484,973,78,14.9,4.56
13-06-2024,31677,8741,22936,72.40584651,Chicago,Healthcare,Operations,210,571,155,3.7,1.71
14-06-2024,49081,14766,34315,69.91503841,San Francisco,Retail,HR,180,155,179,12.03,2.67
15-06-2024,37569,8998,28571,76.04940243,San Francisco,Healthcare,HR,237,724,66,10.52,5.09
16-06-2024,33322,23787,9535,28.61472901,San Francisco,Retail,Operations,212,112,21,23.19,1.47
17-06-2024,29065,21077,7988,27.48322725,Chicago,Finance,HR,246,539,26,24.1,6.12
18-06-2024,27924,5294,22630,81.04139808,New York,Finance,Marketing,413,117,39,4.6,5.66
19-06-2024,32556,15177,17379,53.38186509,New York,Manufacturing,IT,253,793,97,11,7.15
20-06-2024,36962,26727,10235,27.69060116,San Francisco,Healthcare,IT,261,212,108,11.2,9.38
21-06-2024,38295,14882,23413,61.13852983,Houston,Retail,Marketing,158,328,32,4.54,9.12
22-06-2024,23807,6136,17671,74.22606796,New York,Finance,IT,325,270,138,23.95,9.46
23-06-2024,36432,7064,29368,80.61045235,Chicago,Technology,Sales,122,394,88,21.22,2.45
24-06-2024,27749,12009,15740,56.72276478,Los Angeles,Finance,Marketing,216,288,41,5.71,1.32
25-06-2024,36256,17987,18269,50.38890115,Los Angeles,Technology,HR,309,525,18,11,3.02
26-06-2024,47080,9543,37537,79.73024639,Los Angeles,Retail,Marketing,292,178,24,3.17,8.95
27-06-2024,11324,6007,5317,46.95337337,Houston,Finance,Operations,324,757,165,18.85,9.72
28-06-2024,35731,10445,25286,70.76768073,San Francisco,Finance,HR,151,281,161,3.64,8.59
29-06-2024,45909,15706,30203,65.78884315,Chicago,Retail,Operations,222,598,197,29.58,1.1
30-06-2024,33803,19749,14054,41.57619146,Houston,Finance,HR,220,897,172,23.42,9.47
01-07-2024,29870,16718,13152,44.03080013,Chicago,Technology,IT,190,861,36,11.71,4.23
02-07-2024,44578,26736,17842,40.0242272,Chicago,Finance,Marketing,446,965,118,17.36,0.09
03-07-2024,16588,14439,2149,12.9551483,San Francisco,Healthcare,Sales,237,925,85,27.34,4.42
04-07-2024,48069,18281,29788,61.96925253,Los Angeles,Manufacturing,HR,490,807,157,16.62,0.46
05-07-2024,36790,6435,30355,82.50883392,San Francisco,Technology,HR,135,934,74,5.23,5.44
06-07-2024,35289,5571,29718,84.21321092,Houston,Healthcare,Operations,101,170,186,11.36,3.39
07-07-2024,38178,7382,30796,80.6642569,Houston,Retail,IT,160,347,118,25.29,4.73
08-07-2024,38710,10084,28626,73.94988375,Houston,Technology,Operations,486,245,138,19.33,6.13
09-07-2024,25485,21661,3824,15.00490485,San Francisco,Manufacturing,Operations,414,717,19,19.52,8.69
10-07-2024,30652,18507,12145,39.62221062,Chicago,Manufacturing,IT,391,874,56,26,6.62
11-07-2024,14748,12059,2689,18.23298074,Chicago,Retail,Sales,92,395,132,26.82,4.34
12-07-2024,31233,23271,7962,25.49226779,New York,Retail,Operations,260,681,68,27.59,8.19
13-07-2024,19435,17771,1664,8.56187291,Houston,Technology,Operations,249,569,105,2.85,9.06
14-07-2024,13709,22649,-8940,-65.21263404,Chicago,Finance,HR,347,605,199,16.32,1.2
15-07-2024,40355,12491,27864,69.04720605,New York,Retail,IT,395,292,112,22.22,5.32
16-07-2024,23116,19527,3589,15.52604257,Chicago,Finance,Marketing,289,167,133,22.71,2.85
17-07-2024,35470,22424,13046,36.78037778,Houston,Healthcare,Sales,164,593,95,18.2,0.47
18-07-2024,49298,19859,29439,59.71641852,Los Angeles,Manufacturing,Sales,75,916,155,5,6.69
19-07-2024,24683,13073,11610,47.03642183,Houston,Finance,IT,456,151,121,23.92,8.63
20-07-2024,10504,14077,-3573,-34.0156131,San Francisco,Manufacturing,HR,348,981,183,21.6,1.63
21-07-2024,43982,24136,19846,45.12300487,Chicago,Finance,HR,126,462,169,2.58,8.12
22-07-2024,44299,29597,14702,33.18810808,Chicago,Healthcare,IT,461,896,36,13.91,8.53
23-07-2024,38016,25953,12063,31.73137626,San Francisco,Retail,HR,186,573,27,5.22,9.14
24-07-2024,33960,16383,17577,51.75795053,San Francisco,Healthcare,Sales,69,945,176,10.12,2.65
25-07-2024,43591,21378,22213,50.95776651,Los Angeles,Retail,Sales,489,620,186,0.54,9.04
26-07-2024,27312,27737,-425,-1.55609256,Chicago,Retail,Marketing,260,862,91,12.01,3.21
27-07-2024,47797,7353,40444,84.6161893,Chicago,Manufacturing,IT,289,530,181,16.5,5.52
28-07-2024,12105,28821,-16716,-138.0916976,Los Angeles,Healthcare,Operations,88,943,81,18.59,0.51
29-07-2024,46395,9799,36596,78.87918957,New York,Finance,Operations,484,397,63,19.9,0.44
30-07-2024,32700,22070,10630,32.50764526,Los Angeles,Healthcare,Marketing,317,534,171,25.09,7.2
31-07-2024,44620,29860,14760,33.07933662,Houston,Manufacturing,Marketing,256,795,80,6.46,4.44
01-08-2024,47678,26195,21483,45.05851756,Chicago,Retail,HR,488,790,173,3.61,2.56
02-08-2024,30559,16939,13620,44.56952125,San Francisco,Manufacturing,Marketing,316,297,155,25.55,1.9
03-08-2024,37509,26730,10779,28.7371031,Houston,Technology,Marketing,203,227,47,4.7,6.7
04-08-2024,37860,26427,11433,30.19809826,Chicago,Technology,Operations,91,631,196,29.24,0
05-08-2024,21003,7428,13575,64.63362377,Los Angeles,Finance,HR,460,510,146,25.28,8.06
06-08-2024,31732,26510,5222,16.45657381,Houston,Manufacturing,Marketing,60,939,188,15.03,0.79
07-08-2024,35826,29604,6222,17.36727516,Chicago,Finance,Marketing,343,164,44,29.44,1.91
08-08-2024,40354,16296,24058,59.61738613,New York,Finance,HR,147,793,91,2.92,3.86
09-08-2024,23843,12813,11030,46.26095709,New York,Technology,IT,476,340,142,9.09,4.85
10-08-2024,16190,19414,-3224,-19.91352687,San Francisco,Finance,HR,324,468,151,19.15,3.55
11-08-2024,27640,16801,10839,39.21490593,Chicago,Technology,Operations,497,635,167,10.5,3.21
12-08-2024,48413,16745,31668,65.41218268,New York,Retail,IT,439,483,13,27.85,9.64
13-08-2024,13330,18025,-4695,-35.22130533,Los Angeles,Manufacturing,Sales,479,530,176,1.97,6.42
14-08-2024,29087,8356,20731,71.27238973,Chicago,Finance,HR,421,182,162,16.48,0.23
15-08-2024,34504,19288,15216,44.09923487,Los Angeles,Technology,Operations,279,930,165,17.73,4.3
16-08-2024,17114,28650,-11536,-67.40680145,Los Angeles,Healthcare,IT,418,796,159,19.58,8.75
17-08-2024,23323,11540,11783,50.52094499,New York,Finance,HR,475,927,168,7.67,3.01
18-08-2024,44121,21422,22699,51.44715668,Chicago,Retail,Marketing,269,710,32,10.94,0.95
19-08-2024,20975,8342,12633,60.22884386,Houston,Retail,HR,114,673,57,25.31,7.58
20-08-2024,21023,14078,6945,33.03524711,New York,Healthcare,Sales,404,385,157,5.85,6.06
21-08-2024,31447,7844,23603,75.05644418,New York,Technology,HR,281,633,134,24.81,5.7
22-08-2024,34933,15396,19537,55.92706037,Chicago,Finance,IT,377,558,175,16.88,0.54
23-08-2024,33959,22482,11477,33.79663712,Chicago,Technology,IT,492,311,64,22.87,1.4
24-08-2024,10667,28411,-17744,-166.3448017,Los Angeles,Retail,HR,101,225,77,21.41,6.23
25-08-2024,39703,23207,16496,41.54849759,Chicago,Technology,IT,423,512,97,6.23,2.08
26-08-2024,19337,18998,339,1.753115788,Los Angeles,Retail,Marketing,480,598,10,17.06,5.04
27-08-2024,46487,18261,28226,60.71805021,New York,Technology,HR,425,524,144,26.03,5.45
28-08-2024,29129,24539,4590,15.75749253,San Francisco,Healthcare,Marketing,312,653,194,12.96,2.84
29-08-2024,41921,8093,33828,80.69463992,Houston,Manufacturing,Marketing,316,709,104,29,9.48
30-08-2024,43307,16722,26585,61.38730459,New York,Healthcare,Operations,408,642,149,13.57,8.42
31-08-2024,37355,27042,10313,27.60808459,Chicago,Healthcare,HR,366,257,115,4.28,7.22
01-09-2024,47732,25162,22570,47.28484036,Houston,Manufacturing,IT,373,211,142,11.68,0.78
02-09-2024,14835,24280,-9445,-63.66700371,San Francisco,Manufacturing,Marketing,458,501,117,28.55,1.06
03-09-2024,30159,16645,13514,44.80917802,San Francisco,Finance,Operations,445,858,187,9.59,4.93
04-09-2024,48810,20083,28727,58.85474288,Los Angeles,Finance,HR,203,221,51,26.04,1.61
05-09-2024,48088,5988,42100,87.54782898,Houston,Healthcare,HR,407,372,111,26.44,9.78
06-09-2024,23216,25500,-2284,-9.838042729,Los Angeles,Healthcare,Sales,415,393,133,10.51,1.59
07-09-2024,45547,11446,34101,74.86991459,New York,Retail,Sales,189,497,149,2.5,4.87
08-09-2024,41471,21335,20136,48.55441152,Houston,Retail,Marketing,476,570,112,21.74,3.64
09-09-2024,27308,25563,1745,6.390068844,New York,Finance,Sales,100,306,155,9.35,6.39
10-09-2024,37532,21133,16399,43.69338165,Los Angeles,Finance,Marketing,166,209,83,23.49,1.29
11-09-2024,44349,6682,37667,84.93314393,Houston,Retail,IT,470,539,117,13.28,4.3
12-09-2024,15713,10626,5087,32.374467,Los Angeles,Retail,Marketing,95,377,131,14.56,2.75
13-09-2024,14804,12424,2380,16.07673602,Houston,Technology,Sales,358,667,26,23.34,8.88
14-09-2024,20136,17857,2279,11.31803735,Los Angeles,Technology,IT,137,986,80,11.47,0.41
15-09-2024,10009,17155,-7146,-71.39574383,San Francisco,Retail,Sales,257,668,71,13.29,9.14
16-09-2024,29255,22317,6938,23.71560417,Los Angeles,Technology,Marketing,426,581,50,11.29,8.33
17-09-2024,33793,24982,8811,26.07344716,San Francisco,Manufacturing,Operations,318,902,128,11.02,2.98
18-09-2024,39548,16425,23123,58.46819055,Los Angeles,Finance,HR,138,213,171,15.78,7.89
19-09-2024,47892,6980,40912,85.4255408,Houston,Finance,Sales,430,992,54,24.26,0.31
20-09-2024,11015,20522,-9507,-86.30957785,Houston,Retail,Marketing,167,996,67,10.85,9.67
21-09-2024,37712,24440,13272,35.193042,Houston,Healthcare,IT,103,919,188,15.73,5.27
22-09-2024,44961,13984,30977,68.89748893,Chicago,Retail,Sales,490,952,135,20.12,3.03
23-09-2024,18415,22175,-3760,-20.41813739,New York,Technology,Sales,165,576,171,8.08,3.63
24-09-2024,33833,20883,12950,38.27623917,Houston,Healthcare,HR,167,809,53,8.33,0.66
25-09-2024,14158,10390,3768,26.61392852,San Francisco,Technology,Marketing,309,420,24,28,9.89
26-09-2024,30309,28019,2290,7.555511564,Houston,Manufacturing,Operations,124,278,87,21.71,0.39
27-09-2024,16970,23639,-6669,-39.29876252,Chicago,Technology,IT,354,996,79,17.32,6.55
28-09-2024,16938,24994,-8056,-47.5616956,San Francisco,Manufacturing,Marketing,56,318,187,19.43,4.43
29-09-2024,31168,6607,24561,78.80197639,Chicago,Manufacturing,IT,415,888,110,0.88,9.49
30-09-2024,30384,26563,3821,12.57569774,San Francisco,Technology,Sales,171,627,169,18.54,2.46
01-10-2024,28017,11573,16444,58.69293643,Los Angeles,Technology,HR,60,591,12,15.29,5.32
02-10-2024,20344,22368,-2024,-9.948879276,New York,Manufacturing,HR,397,990,95,16.37,4.82
03-10-2024,18702,10776,7926,42.38049406,New York,Healthcare,Operations,487,160,83,10.78,7.03
04-10-2024,10384,8676,1708,16.44838213,Chicago,Manufacturing,HR,264,153,60,2.44,0.68
05-10-2024,10404,8380,2024,19.45405613,New York,Finance,Sales,478,779,76,5.8,1.94
06-10-2024,39189,13711,25478,65.01314144,Chicago,Manufacturing,Operations,328,637,85,28.52,2.15
07-10-2024,22763,13782,8981,39.45437772,Chicago,Healthcare,Marketing,77,947,102,12.26,7.38
08-10-2024,28384,22434,5950,20.96251409,Chicago,Finance,HR,284,164,185,14,1.89
09-10-2024,42606,18997,23609,55.41238323,New York,Retail,Operations,416,711,154,1.58,5.73
10-10-2024,19860,25017,-5157,-25.96676737,Chicago,Retail,Sales,362,685,16,1.13,2.15
11-10-2024,48757,11342,37415,76.7376992,New York,Healthcare,IT,75,803,22,21.52,8.62
12-10-2024,25106,22343,2763,11.00533737,Chicago,Manufacturing,IT,458,270,129,16.14,9.42
13-10-2024,33574,11059,22515,67.06082087,Houston,Technology,Sales,103,372,75,15.26,5.18
14-10-2024,33524,13884,19640,58.5848944,Chicago,Healthcare,Sales,78,988,13,7.29,3.52
15-10-2024,13636,10655,2981,21.86124963,San Francisco,Finance,IT,402,798,147,22.34,2.34
16-10-2024,20916,17091,3825,18.28743546,Chicago,Finance,Operations,213,634,97,5.05,0.5
17-10-2024,14809,25857,-11048,-74.60328179,Los Angeles,Retail,IT,319,490,26,5.7,2.69
18-10-2024,42201,24330,17871,42.34733774,Chicago,Finance,Sales,383,792,61,13.82,6.54
19-10-2024,23456,20251,3205,13.66388131,San Francisco,Healthcare,HR,84,426,143,8.59,5.34
20-10-2024,48765,29109,19656,40.30759766,San Francisco,Finance,Marketing,335,207,78,7.42,9.44
21-10-2024,44816,5526,39290,87.66958229,New York,Healthcare,HR,397,946,146,19.36,3.96
22-10-2024,27100,8224,18876,69.65313653,Houston,Technology,HR,322,261,30,19.53,6.94
23-10-2024,31949,20069,11880,37.18426242,Chicago,Retail,Sales,257,913,33,24.74,4.89
24-10-2024,14544,16536,-1992,-13.69636964,New York,Finance,IT,287,551,13,12.53,5.13
25-10-2024,47744,18547,29197,61.15323391,Houston,Healthcare,Operations,463,305,161,2.19,2.68
26-10-2024,36657,23259,13398,36.54963581,Chicago,Manufacturing,HR,142,689,196,8.21,4.55
27-10-2024,46187,6763,39424,85.35735164,Los Angeles,Retail,IT,222,115,12,29.4,4.71
28-10-2024,17239,13712,3527,20.4594234,Chicago,Technology,Operations,128,426,77,17.89,7.07
29-10-2024,24489,10797,13692,55.9108171,San Francisco,Healthcare,HR,159,707,110,21.29,9.41
30-10-2024,38538,14208,24330,63.1324926,San Francisco,Technology,Operations,266,758,177,0.22,3.29
31-10-2024,42049,28483,13566,32.26236058,Los Angeles,Technology,IT,484,101,185,15.55,0.42
01-11-2024,47131,10109,37022,78.55127199,New York,Finance,Marketing,407,109,63,1.13,4.96
02-11-2024,18427,28028,-9601,-52.10289249,Houston,Finance,IT,155,533,44,17.08,5.44
03-11-2024,34285,21500,12785,37.29036022,Chicago,Healthcare,Sales,96,224,65,27.62,1.68
04-11-2024,47626,7433,40193,84.39297863,San Francisco,Manufacturing,Operations,230,180,117,29.05,7.6
05-11-2024,32928,26847,6081,18.4675656,New York,Healthcare,Marketing,113,584,49,16.22,9.85
06-11-2024,29198,21967,7231,24.76539489,Los Angeles,Manufacturing,Operations,295,751,77,13.75,9.46
07-11-2024,29758,29970,-212,-0.712413469,San Francisco,Technology,Operations,293,937,55,28.35,1.97
08-11-2024,25254,25172,82,0.324701037,Los Angeles,Retail,HR,471,249,87,20.21,8.75
09-11-2024,11252,9167,2085,18.5300391,Chicago,Healthcare,Sales,369,899,150,1.95,7.04
10-11-2024,49764,29849,19915,40.01888916,Houston,Healthcare,Operations,136,972,164,13.97,4.54
11-11-2024,22173,22773,-600,-2.705993776,San Francisco,Manufacturing,IT,266,439,15,7.21,5.41
12-11-2024,47441,13357,34084,71.84502856,San Francisco,Technology,IT,56,228,26,14.09,8.5
13-11-2024,36698,11154,25544,69.60597308,Chicago,Technology,HR,327,537,173,13.66,4.8
14-11-2024,25781,26804,-1023,-3.968038478,New York,Manufacturing,Sales,386,850,108,17.46,3.73
15-11-2024,23051,13920,9131,39.61216433,Houston,Technology,Sales,259,600,90,10.7,4.93
16-11-2024,49649,23427,26222,52.81475961,San Francisco,Finance,IT,218,157,11,4.93,5.79
17-11-2024,16949,25581,-8632,-50.92925836,Houston,Retail,Marketing,379,297,86,15.11,1.89
18-11-2024,18017,24880,-6863,-38.09180219,San Francisco,Healthcare,HR,187,310,189,24.91,9.01
19-11-2024,16941,22162,-5221,-30.81872381,Houston,Retail,HR,490,144,75,19.92,6.74
20-11-2024,35934,5213,30721,85.492848,Los Angeles,Healthcare,IT,440,196,61,10.15,6.33
21-11-2024,33386,8762,24624,73.75546636,San Francisco,Finance,IT,430,378,101,28.07,0.99
22-11-2024,20209,18399,1810,8.956405562,Houston,Technology,Marketing,355,634,180,27.37,6.04
23-11-2024,27715,14768,12947,46.71477539,New York,Manufacturing,Marketing,279,509,31,6.28,1.21
24-11-2024,38920,15640,23280,59.81500514,Los Angeles,Finance,Sales,357,560,120,1.18,0.79
25-11-2024,41703,11731,29972,71.87012925,Los Angeles,Retail,HR,210,490,116,22.24,5.27
26-11-2024,14637,24501,-9864,-67.39085878,New York,Manufacturing,HR,50,946,192,24.83,4.03
27-11-2024,14854,10791,4063,27.35290158,Houston,Technology,IT,285,143,76,29.04,5.89
28-11-2024,47660,20822,26838,56.31137222,Chicago,Finance,Sales,486,126,197,26.7,0.89
29-11-2024,49811,13783,36028,72.32940515,New York,Manufacturing,HR,237,893,195,18.02,4.31
30-11-2024,29856,18621,11235,37.63062701,Houston,Finance,Sales,467,196,149,15.9,1.75
01-12-2024,31833,21019,10814,33.97103635,New York,Finance,Sales,53,647,78,0.84,9.87
02-12-2024,29963,7720,22243,74.2348897,New York,Technology,IT,450,720,93,7.4,5.61
03-12-2024,46932,13905,33027,70.37202761,San Francisco,Healthcare,Sales,181,666,112,13.79,6.87
04-12-2024,37169,14127,23042,61.99252065,Houston,Manufacturing,Marketing,476,803,48,18.86,3.25
05-12-2024,17941,27431,-9490,-52.89560225,Chicago,Technology,Marketing,267,318,22,16.72,0.95
06-12-2024,24388,29416,-5028,-20.61669674,San Francisco,Finance,Operations,309,284,50,22.28,9.76
07-12-2024,15569,21385,-5816,-37.35628493,New York,Technology,IT,50,168,66,8.39,2.86
08-12-2024,14300,11368,2932,20.5034965,New York,Healthcare,Operations,120,928,190,16.95,4.24
09-12-2024,49037,19056,29981,61.13954769,New York,Manufacturing,Marketing,227,229,21,2.64,6.5
10-12-2024,46586,17236,29350,63.00176019,Houston,Healthcare,Operations,238,666,22,12.41,0.25
11-12-2024,22015,23333,-1318,-5.986827163,Houston,Retail,IT,340,989,129,22.5,8.1
12-12-2024,16254,28116,-11862,-72.97895903,San Francisco,Manufacturing,IT,57,708,106,20.8,5.37
13-12-2024,27144,19451,7693,28.34143826,Chicago,Healthcare,Sales,302,947,66,29.72,2.78
14-12-2024,34214,29217,4997,14.6051324,San Francisco,Finance,HR,457,698,49,8.34,0.62
15-12-2024,25183,22301,2882,11.44422825,Los Angeles,Manufacturing,Sales,341,905,127,14.95,1.62
16-12-2024,16238,24558,-8320,-51.23783717,New York,Manufacturing,IT,483,730,89,9.89,8.95
17-12-2024,16090,15433,657,4.083281541,New York,Technology,Marketing,293,819,137,13.22,6.86
18-12-2024,21637,20525,1112,5.139344641,New York,Finance,Marketing,172,433,182,25.71,2.5
19-12-2024,32415,28398,4017,12.39241092,San Francisco,Retail,Sales,348,253,44,20.53,0.66
20-12-2024,34071,5089,28982,85.06354378,San Francisco,Healthcare,IT,332,646,12,26.47,6.91
21-12-2024,28271,23093,5178,18.31558841,New York,Technology,Marketing,81,178,129,6.11,5.72
22-12-2024,46034,15361,30673,66.63118565,San Francisco,Healthcare,IT,383,678,14,26.2,4.05
23-12-2024,43434,21369,22065,50.80121564,Houston,Retail,Marketing,426,954,20,1.79,3.64
24-12-2024,14188,8041,6147,43.32534536,Houston,Retail,IT,195,512,135,26.66,2.17
25-12-2024,20161,5105,15056,74.67883538,San Francisco,Manufacturing,Operations,205,645,80,9.87,6.7
26-12-2024,38732,14078,24654,63.65279356,New York,Retail,IT,462,708,126,9.44,9.71
27-12-2024,21314,23279,-1965,-9.219292484,San Francisco,Healthcare,IT,65,268,193,15.36,1.76
28-12-2024,33954,11090,22864,67.3381634,San Francisco,Finance,Sales,404,780,147,28.22,5.97
29-12-2024,31508,29892,1616,5.128856164,San Francisco,Finance,Operations,96,762,115,1.43,4.24
30-12-2024,31969,11082,20887,65.33516844,Los Angeles,Manufacturing,HR,300,682,125,10.57,4.47
31-12-2024,47545,22018,25527,53.69018824,Houston,Healthcare,Sales,236,614,171,25.7,2.54
01-01-2025,46668,6925,39743,85.16113825,Chicago,Healthcare,HR,80,413,76,11.88,8.25
02-01-2025,33061,23440,9621,29.10075315,Chicago,Retail,Marketing,309,131,40,5.97,4.85
03-01-2025,23716,11917,11799,49.7512228,Los Angeles,Healthcare,HR,470,386,84,12.74,5.43
04-01-2025,49749,24528,25221,50.69649641,San Francisco,Technology,IT,66,693,80,11.57,3.05
05-01-2025,49144,5552,43592,88.70258831,Los Angeles,Retail,HR,88,142,75,27.46,1.82
06-01-2025,26907,26767,140,0.5203107,Los Angeles,Technology,Sales,353,716,79,22.86,0.86
07-01-2025,28777,8911,19866,69.03429822,New York,Manufacturing,Sales,479,100,50,15.15,7.14
08-01-2025,37693,8389,29304,77.74387817,Houston,Finance,HR,481,672,169,29.65,1.96
09-01-2025,36329,18629,17700,48.72140714,Chicago,Manufacturing,Sales,88,369,29,13.96,6.9
10-01-2025,26282,29826,-3544,-13.48451412,San Francisco,Finance,Sales,181,279,194,1.75,3.9
11-01-2025,33624,7430,26194,77.90268856,Chicago,Manufacturing,HR,79,835,187,7.87,4.16
12-01-2025,33321,5458,27863,83.61993938,Chicago,Healthcare,Operations,207,617,162,13.08,4.69
13-01-2025,20488,18395,2093,10.21573604,Houston,Technology,Operations,327,202,149,4.71,3.68
14-01-2025,32574,5207,27367,84.01485848,Chicago,Finance,Marketing,252,109,48,28.43,1.01
15-01-2025,15240,5899,9341,61.29265092,Chicago,Retail,Sales,115,682,154,23.01,3.1
16-01-2025,20478,16653,3825,18.67858189,Los Angeles,Technology,HR,157,189,54,8.05,6.64
17-01-2025,29262,21405,7857,26.85052286,Houston,Retail,Sales,317,325,148,17.72,6.66
18-01-2025,14432,13601,831,5.758037694,New York,Technology,IT,271,769,79,21.64,2.86
19-01-2025,39721,5894,33827,85.16150147,San Francisco,Technology,Sales,341,839,134,28.24,4.6
20-01-2025,23568,5514,18054,76.60386965,Chicago,Manufacturing,Sales,67,225,160,26.45,1.93
21-01-2025,24178,28678,-4500,-18.61196129,San Francisco,Finance,Operations,139,308,100,15.46,2.1
22-01-2025,32195,26288,5907,18.3475695,New York,Finance,HR,230,196,79,23.24,0.23
23-01-2025,10302,29251,-18949,-183.9351582,San Francisco,Technology,Sales,304,173,175,16.86,8.97
24-01-2025,27022,9109,17913,66.29043002,New York,Healthcare,Operations,302,726,139,16.58,2.11
25-01-2025,10055,18258,-8203,-81.58130283,Los Angeles,Healthcare,Marketing,306,290,93,3.44,2.28
26-01-2025,18717,20313,-1596,-8.527007533,Chicago,Retail,Operations,432,781,98,3.78,2.8
27-01-2025,38699,20349,18350,47.41724592,New York,Retail,Operations,491,918,88,15.89,1.27
28-01-2025,18150,12179,5971,32.89807163,San Francisco,Manufacturing,Operations,395,815,122,8.07,6.39
29-01-2025,12125,15326,-3201,-26.4,Chicago,Technology,Sales,136,155,102,0.63,0.75
30-01-2025,26748,16787,9961,37.24016749,Los Angeles,Retail,Sales,139,819,81,21.69,1.34
31-01-2025,49577,6560,43017,86.76805777,Chicago,Retail,Marketing,286,652,174,0.97,6.45
01-02-2025,14621,18612,-3991,-27.29635456,New York,Technology,IT,439,131,58,17.86,3.4
02-02-2025,25034,22650,2384,9.523048654,Los Angeles,Manufacturing,IT,119,626,61,16.18,7.08
03-02-2025,15126,25022,-9896,-65.42377363,San Francisco,Retail,IT,93,673,42,29.06,5.57
04-02-2025,15122,24811,-9689,-64.07221267,Los Angeles,Manufacturing,Marketing,249,766,31,14.53,2.56
05-02-2025,28030,9780,18250,65.10881199,Los Angeles,Finance,IT,201,383,123,1.91,6.51
06-02-2025,27302,23311,3991,14.61797671,Houston,Manufacturing,IT,135,820,142,16.55,1.16
07-02-2025,29181,16894,12287,42.10616497,Los Angeles,Healthcare,Operations,68,931,27,25.23,5.36
08-02-2025,48638,7356,41282,84.87602286,Los Angeles,Healthcare,Sales,150,593,175,29.91,4.37
09-02-2025,11531,9790,1741,15.09843032,Chicago,Manufacturing,Sales,451,286,127,12.91,2.68
10-02-2025,33333,21690,11643,34.92934929,San Francisco,Healthcare,Operations,144,597,126,9.61,6.04
11-02-2025,49650,29363,20287,40.86002014,Chicago,Finance,Operations,303,541,46,27.2,8.71
12-02-2025,44674,25049,19625,43.92935488,Chicago,Technology,Operations,406,229,73,5.74,9.99
13-02-2025,45854,15181,30673,66.89274654,New York,Healthcare,Sales,79,738,147,18.46,6.08
14-02-2025,18152,12057,6095,33.57756721,Chicago,Healthcare,IT,298,391,88,12.17,4.05
15-02-2025,48518,21082,27436,56.54808525,Houston,Manufacturing,Operations,475,213,179,1.23,2.25
16-02-2025,20267,5661,14606,72.06789362,Houston,Finance,Marketing,82,298,132,10.42,2.57
17-02-2025,35289,9644,25645,72.67137068,New York,Technology,Operations,278,112,185,7.96,4.79
18-02-2025,11062,20711,-9649,-87.22654131,San Francisco,Manufacturing,HR,61,370,53,20.58,3.67
19-02-2025,39926,29887,10039,25.14401643,San Francisco,Manufacturing,Operations,167,700,91,28.46,9.14
20-02-2025,16229,7920,8309,51.19847187,Chicago,Finance,Sales,399,314,96,8.04,3.68
21-02-2025,14632,21002,-6370,-43.53471843,Chicago,Technology,Operations,204,543,25,24.34,3.73
22-02-2025,49056,19025,30031,61.21779191,Chicago,Finance,HR,472,889,63,1.66,3.84
23-02-2025,13596,13946,-350,-2.574286555,San Francisco,Technology,Marketing,442,611,111,16.14,8.37
24-02-2025,16168,17732,-1564,-9.673428996,Los Angeles,Finance,IT,295,546,172,2.12,6.51
25-02-2025,17561,11236,6325,36.01731109,Houston,Manufacturing,Operations,454,814,107,28.02,6.14
26-02-2025,18258,21309,-3051,-16.71048308,Los Angeles,Manufacturing,HR,381,173,165,22.99,3.34
27-02-2025,26616,27462,-846,-3.178539225,Los Angeles,Retail,HR,296,636,11,19.74,8.18
28-02-2025,36734,18518,18216,49.58893668,San Francisco,Healthcare,Marketing,78,200,103,24.72,0.38
01-03-2025,16371,5352,11019,67.30804471,Los Angeles,Finance,Sales,210,275,150,19.43,8.71
02-03-2025,36069,12005,24064,66.71657102,New York,Retail,Operations,284,526,178,29.07,5.13
03-03-2025,24369,19036,5333,21.88436128,Chicago,Healthcare,HR,239,216,68,21.42,3.98
04-03-2025,22910,21542,1368,5.971191619,New York,Finance,Marketing,166,265,78,27.74,4.97
05-03-2025,17943,5956,11987,66.80599677,Houston,Technology,IT,320,140,128,15.51,6.67
06-03-2025,22199,7071,15128,68.14721384,Chicago,Healthcare,HR,307,528,101,3.51,0.13
07-03-2025,25728,13595,12133,47.15873756,Los Angeles,Manufacturing,Marketing,229,443,190,15.85,8.72
08-03-2025,33275,20140,13135,39.47407964,Houston,Retail,Sales,422,523,54,3.81,4.47
09-03-2025,16738,17803,-1065,-6.362767356,Chicago,Healthcare,Sales,221,465,157,17.77,3.43
10-03-2025,25913,8453,17460,67.37930768,Los Angeles,Healthcare,HR,487,219,33,14.47,1.38
11-03-2025,45240,11675,33565,74.19319187,New York,Manufacturing,HR,323,708,198,18.68,4.39
12-03-2025,29123,5955,23168,79.55224393,Chicago,Finance,Operations,308,756,100,0.3,4.96
13-03-2025,44529,11295,33234,74.63450785,Los Angeles,Technology,Marketing,184,827,103,5.85,4.04
14-03-2025,20167,20921,-754,-3.738781177,New York,Manufacturing,HR,220,328,67,14.74,6.79
15-03-2025,20554,23096,-2542,-12.3674224,Houston,Technology,Operations,259,924,164,28.52,4.21
16-03-2025,27260,20282,6978,25.59794571,Houston,Finance,Operations,285,229,163,11.51,9.61
17-03-2025,13812,9703,4109,29.74949319,Houston,Healthcare,HR,471,451,137,12.73,5.99
18-03-2025,38024,11563,26461,69.59025878,Houston,Technology,Sales,470,988,16,21.44,8.07
19-03-2025,37285,27015,10270,27.54458898,San Francisco,Retail,Marketing,235,417,179,18.11,1.09
20-03-2025,36900,17003,19897,53.92140921,Chicago,Retail,Marketing,466,748,56,8.97,3.97
21-03-2025,11605,15817,-4212,-36.29470056,Chicago,Manufacturing,Sales,413,935,62,12.32,3.37
22-03-2025,15622,16171,-549,-3.514274741,San Francisco,Finance,HR,492,436,196,6.53,5.69
23-03-2025,16767,17582,-815,-4.860738355,Los Angeles,Manufacturing,Marketing,144,372,47,28.98,8.61
24-03-2025,37139,17201,19938,53.68480573,Los Angeles,Manufacturing,HR,427,216,62,3.92,0.78
25-03-2025,21613,22778,-1165,-5.390274372,Houston,Manufacturing,HR,60,917,152,11.16,0.73
26-03-2025,20589,17473,3116,15.13429501,New York,Retail,Operations,117,467,163,0.78,8.5
27-03-2025,23918,14461,9457,39.53925914,Los Angeles,Retail,Sales,428,193,57,6.65,2.13
28-03-2025,30119,26116,4003,13.2906139,New York,Manufacturing,HR,259,267,104,23.41,6.69
29-03-2025,37446,25098,12348,32.9754847,Chicago,Retail,IT,245,814,156,6.04,5.43
30-03-2025,23046,20596,2450,10.63091209,New York,Finance,Sales,418,440,146,2.4,8.33
31-03-2025,34818,5529,29289,84.12028261,Chicago,Manufacturing,Marketing,147,760,73,14.23,1.25
01-04-2025,45358,24342,21016,46.33361259,San Francisco,Retail,Operations,142,794,102,0.3,1.3
02-04-2025,14324,29288,-14964,-104.4680257,San Francisco,Technology,Marketing,71,251,191,2.54,5.57
03-04-2025,20787,24975,-4188,-20.14720739,Houston,Manufacturing,Marketing,499,685,134,24.23,9.46
04-04-2025,19111,28279,-9168,-47.97237193,Los Angeles,Manufacturing,Sales,221,976,188,23.14,4.15
05-04-2025,48110,17765,30345,63.07420495,Houston,Finance,Marketing,432,373,48,27.45,3.27
06-04-2025,26389,18910,7479,28.34135435,Chicago,Healthcare,HR,183,653,13,25.64,6.07
07-04-2025,24043,16561,7482,31.11924469,Houston,Healthcare,Marketing,475,595,135,20.5,9.3
08-04-2025,38746,14131,24615,63.52913849,New York,Finance,Operations,74,823,12,1.57,8.37
09-04-2025,32350,5525,26825,82.92117465,Chicago,Finance,Operations,234,200,73,23.49,9.95
10-04-2025,10117,27861,-17744,-175.3879609,San Francisco,Finance,IT,134,656,38,25.37,0.23
11-04-2025,28935,21385,7550,26.09296699,Los Angeles,Healthcare,Operations,104,181,125,23.97,1.13
12-04-2025,23234,5374,17860,76.87010416,Chicago,Finance,Marketing,300,628,20,15.25,6.09
13-04-2025,48328,17197,31131,64.4160735,Chicago,Retail,Operations,193,172,106,6.99,8.21
14-04-2025,10846,9648,1198,11.04554675,New York,Manufacturing,Sales,400,113,111,25.36,2.85
15-04-2025,20954,7365,13589,64.85157965,Los Angeles,Manufacturing,Operations,447,532,195,21.81,2.39
16-04-2025,23703,22909,794,3.349786947,San Francisco,Technology,HR,216,256,164,29.42,7.87
17-04-2025,32700,6646,26054,79.67584098,Chicago,Technology,Sales,461,834,30,4.67,0.56
18-04-2025,42043,5013,37030,88.07649311,Chicago,Manufacturing,IT,273,231,48,6.77,3.69
19-04-2025,16469,9599,6870,41.71473678,New York,Retail,HR,269,437,111,6.35,5.06
20-04-2025,40105,7278,32827,81.85263683,Houston,Healthcare,Marketing,228,503,55,23.78,5.6
21-04-2025,36386,19296,17090,46.9686143,San Francisco,Healthcare,Marketing,168,475,75,5.61,7.29
22-04-2025,46976,8155,38821,82.64007153,Los Angeles,Retail,Marketing,482,987,100,2,3.55
23-04-2025,49051,13321,35730,72.84255163,Chicago,Healthcare,HR,314,658,173,29.96,6.13
24-04-2025,12048,8814,3234,26.84262948,Chicago,Finance,HR,491,206,120,0.74,5.85
25-04-2025,49001,18125,30876,63.01095896,San Francisco,Manufacturing,HR,478,719,91,25.06,5.48
26-04-2025,22941,8216,14725,64.18639118,Houston,Manufacturing,Sales,199,364,132,10.96,6.4
27-04-2025,11828,29603,-17775,-150.278999,Chicago,Retail,Sales,465,304,108,25.25,2.59
28-04-2025,11917,7113,4804,40.3121591,San Francisco,Healthcare,Marketing,264,178,44,16.64,0.85
29-04-2025,30618,25740,4878,15.93180482,New York,Technology,Operations,246,254,168,27.05,1.19
30-04-2025,42254,15238,27016,63.93714205,Houston,Technology,Marketing,91,882,165,27.79,2.25
01-05-2025,49756,18760,30996,62.2960045,Los Angeles,Healthcare,IT,102,346,112,0.27,5
02-05-2025,30128,26927,3201,10.62466808,Chicago,Technology,Sales,492,630,138,2.26,8.4
03-05-2025,10009,25939,-15930,-159.1567589,San Francisco,Retail,HR,379,957,34,7.51,7.01
04-05-2025,26644,17588,9056,33.98889056,New York,Retail,Sales,300,637,52,20.08,7.89
05-05-2025,32422,28446,3976,12.26327802,Los Angeles,Healthcare,HR,344,828,93,26.65,3.51
06-05-2025,19865,8374,11491,57.84545683,San Francisco,Technology,IT,427,253,60,13.8,4.05
07-05-2025,12219,11430,789,6.457156887,San Francisco,Retail,IT,320,253,139,18.21,3.94
08-05-2025,49809,24850,24959,50.10941798,Los Angeles,Retail,Sales,462,785,135,5.65,1.92
09-05-2025,15287,24465,-9178,-60.03794073,New York,Finance,HR,172,191,78,24.15,0.61
10-05-2025,44387,16970,27417,61.76808525,New York,Finance,IT,416,532,18,29.02,5.91
11-05-2025,18512,5629,12883,69.59269663,Houston,Retail,Marketing,436,437,11,8.06,9.89
12-05-2025,11342,21653,-10311,-90.90989244,Chicago,Healthcare,Marketing,388,579,171,14.84,1.67
13-05-2025,29216,15831,13385,45.81393757,Los Angeles,Manufacturing,HR,315,792,197,2.58,0.47
14-05-2025,37534,10724,26810,71.42857143,Los Angeles,Manufacturing,Sales,397,230,198,16.77,7.8
15-05-2025,24231,27281,-3050,-12.58718171,Los Angeles,Retail,IT,78,549,168,15.08,2.53
16-05-2025,42293,16083,26210,61.97243043,New York,Retail,Sales,84,909,19,4.33,8.3
17-05-2025,36614,18149,18465,50.43152892,Chicago,Retail,Marketing,55,886,123,13.26,7.04
18-05-2025,46258,24816,21442,46.35306325,Houston,Healthcare,IT,445,372,85,10.02,9.46
19-05-2025,38253,14472,23781,62.16767312,San Francisco,Finance,Sales,160,687,173,15.65,4.09
20-05-2025,27988,11276,16712,59.71130484,San Francisco,Retail,Operations,343,276,94,17.57,6.62
21-05-2025,41037,20635,20402,49.71610985,Los Angeles,Retail,HR,126,795,58,0.25,4.65
22-05-2025,22219,10895,11324,50.96538998,Chicago,Technology,HR,398,930,79,22.83,6.31
23-05-2025,10235,18994,-8759,-85.57889595,New York,Healthcare,Operations,196,742,186,21.39,4.5
24-05-2025,11908,28499,-16591,-139.3265032,Chicago,Retail,Marketing,116,974,140,10.99,1.89
25-05-2025,18567,28040,-9473,-51.020628,Chicago,Technology,IT,441,148,142,1.59,5.08
26-05-2025,46298,15552,30746,66.40891615,New York,Manufacturing,HR,57,666,198,22.65,5.29
27-05-2025,15256,21959,-6703,-43.93681175,Los Angeles,Retail,Operations,171,765,99,28.66,8.11
28-05-2025,29019,28413,606,2.088286984,Chicago,Retail,Operations,389,454,35,7.2,7.36
29-05-2025,18162,11099,7063,38.88888889,San Francisco,Technology,Marketing,224,811,81,9.71,6.64
30-05-2025,15415,14499,916,5.942264029,New York,Healthcare,Marketing,437,407,14,5.51,1.13
31-05-2025,46159,24576,21583,46.75794536,Houston,Retail,Sales,228,967,24,17.31,7.21
01-06-2025,15951,8178,7773,48.73048712,Los Angeles,Manufacturing,HR,134,984,132,4.65,5
02-06-2025,31852,27436,4416,13.86412156,New York,Retail,Sales,94,729,153,10.69,8.94
03-06-2025,18007,24118,-6111,-33.93680235,Houston,Manufacturing,Operations,185,874,10,20.91,9.2
04-06-2025,40523,11116,29407,72.56866471,Houston,Finance,IT,392,145,153,16.8,0.55
05-06-2025,33325,20563,12762,38.29557389,Chicago,Finance,IT,65,401,174,11.59,8.21
06-06-2025,31204,8568,22636,72.5419818,Chicago,Manufacturing,Marketing,382,967,12,12.61,0.38
07-06-2025,25524,14847,10677,41.83121768,Chicago,Healthcare,IT,244,507,189,16.86,3.67
08-06-2025,29282,19135,10147,34.65268766,New York,Retail,IT,58,288,56,0.18,5.42
09-06-2025,33930,23587,10343,30.48334807,New York,Retail,IT,365,921,104,2.36,1.48
10-06-2025,10077,22774,-12697,-125.9998015,Los Angeles,Finance,Operations,383,929,22,26.44,7.46
11-06-2025,30611,6742,23869,77.97523766,Chicago,Manufacturing,IT,382,228,129,2.34,0.08
12-06-2025,26984,23309,3675,13.61918174,Houston,Retail,IT,376,660,64,21.2,1.69
13-06-2025,24060,5619,18441,76.64588529,San Francisco,Retail,IT,64,636,158,27.6,5.81
14-06-2025,27449,22658,4791,17.45418777,Los Angeles,Healthcare,Sales,376,365,75,8.12,7.14
15-06-2025,28520,22340,6180,21.66900421,New York,Technology,Operations,151,217,191,11.11,9.17
16-06-2025,19510,6939,12571,64.43362378,Los Angeles,Finance,Marketing,275,563,164,17.07,7.05
17-06-2025,39287,25337,13950,35.50792883,Los Angeles,Finance,Sales,474,243,175,26.45,6.72
18-06-2025,38173,21001,17172,44.98467503,Los Angeles,Technology,HR,327,541,99,28.26,3.94
19-06-2025,49711,5968,43743,87.99460884,Los Angeles,Retail,Operations,457,299,195,22.19,0.01
20-06-2025,21954,19846,2108,9.601894871,San Francisco,Healthcare,Operations,162,256,71,2.6,1.2
21-06-2025,17804,5281,12523,70.33812626,Chicago,Healthcare,HR,477,586,111,20.07,5.35
22-06-2025,16565,20360,-3795,-22.90974947,Houston,Finance,HR,50,959,183,12.31,6.75
23-06-2025,15984,11262,4722,29.54204204,Los Angeles,Healthcare,HR,315,233,148,14.12,4.17
24-06-2025,31526,6058,25468,80.7841147,Los Angeles,Technology,Marketing,257,247,17,1.47,7.31
25-06-2025,47438,25677,21761,45.87250727,Los Angeles,Retail,IT,159,435,106,5.73,5.22
26-06-2025,28574,15724,12850,44.97095261,Chicago,Technology,Operations,249,170,126,23.72,0.74
27-06-2025,19184,10178,9006,46.94537114,New York,Manufacturing,IT,489,332,73,13.62,1.92
28-06-2025,29096,11980,17116,58.82595546,New York,Finance,IT,418,433,30,9.05,8.4
29-06-2025,12192,14200,-2008,-16.46981627,San Francisco,Healthcare,HR,355,910,124,11.52,7.25
30-06-2025,44016,6229,37787,85.84832788,New York,Manufacturing,Marketing,61,765,94,25.63,8.95
01-07-2025,21246,25969,-4723,-22.23006684,Los Angeles,Healthcare,Sales,394,189,29,22.47,1.18
02-07-2025,28381,13467,14914,52.54924069,Los Angeles,Retail,Marketing,237,433,17,8.17,9.9
03-07-2025,46455,24124,22331,48.07017544,Los Angeles,Retail,IT,203,298,67,3.53,2.09
04-07-2025,36727,7289,29438,80.1535655,San Francisco,Retail,Marketing,417,260,55,7.56,0.12
05-07-2025,14018,6239,7779,55.49293765,Los Angeles,Healthcare,HR,383,637,40,27.62,9.97
06-07-2025,21302,10370,10932,51.31912496,New York,Manufacturing,Sales,474,220,102,17.45,2.81
07-07-2025,11970,21170,-9200,-76.8588137,Chicago,Retail,HR,469,400,18,16,6.68
08-07-2025,37202,5125,32077,86.22385893,Chicago,Manufacturing,Sales,426,823,24,17.89,1.77
09-07-2025,41110,17504,23606,57.42155193,Houston,Healthcare,IT,328,674,103,10.98,5.8
10-07-2025,27586,28857,-1271,-4.607409556,New York,Manufacturing,Sales,220,535,163,24.21,9.04
11-07-2025,34519,20398,14121,40.90790579,Los Angeles,Healthcare,Sales,183,167,147,15.7,3.2
12-07-2025,41273,26726,14547,35.24580234,Chicago,Healthcare,Sales,476,864,38,3.5,6.7
13-07-2025,31951,28735,3216,10.06541266,New York,Finance,Marketing,74,558,89,3.87,1.88
14-07-2025,25374,11638,13736,54.13415307,Chicago,Healthcare,Marketing,67,613,45,16.11,6.25
15-07-2025,15788,11570,4218,26.71649354,Los Angeles,Healthcare,IT,239,497,93,28.1,3.36
16-07-2025,15408,8249,7159,46.46287643,Chicago,Technology,Sales,190,719,118,9.25,2.11
17-07-2025,35053,14110,20943,59.74666933,Houston,Retail,Operations,92,385,127,26.09,3.13
18-07-2025,19446,12595,6851,35.23089581,Houston,Finance,IT,383,660,46,22.92,1.79
19-07-2025,10922,18605,-7683,-70.34425929,Chicago,Finance,Sales,333,239,95,7.43,9.02
20-07-2025,43187,17115,26072,60.37001876,New York,Finance,Sales,195,829,80,1.09,3.97
21-07-2025,20789,11294,9495,45.67319255,New York,Technology,Marketing,364,655,160,3.06,2.45
22-07-2025,42184,27911,14273,33.83510336,New York,Healthcare,IT,493,880,178,21.85,4.48
23-07-2025,11120,10757,363,3.264388489,Chicago,Retail,Sales,368,689,102,5.99,3.21
24-07-2025,42154,17595,24559,58.26018883,New York,Manufacturing,Sales,490,827,89,11.14,7.44
25-07-2025,27334,6969,20365,74.50428038,Los Angeles,Healthcare,IT,141,993,111,15.05,9.71
26-07-2025,12336,15985,-3649,-29.58009079,Houston,Technology,Operations,228,709,165,21.76,4.38
27-07-2025,48141,22275,25866,53.7296691,Los Angeles,Healthcare,IT,105,847,185,3.4,8.61
28-07-2025,12243,9470,2773,22.64967737,New York,Healthcare,IT,204,381,175,12.19,5.66
29-07-2025,29029,28559,470,1.619070585,Los Angeles,Technology,Operations,209,760,168,14.55,1.57
30-07-2025,42265,15225,27040,63.97728617,New York,Finance,IT,160,915,23,16.22,6.91
31-07-2025,47380,14556,32824,69.27817645,Chicago,Finance,Sales,186,677,126,24.55,5.13
01-08-2025,33710,29704,4006,11.88371403,Los Angeles,Retail,IT,281,845,82,5.15,6.51
02-08-2025,39486,14206,25280,64.02269159,Chicago,Retail,Operations,269,556,100,24.23,8.9
03-08-2025,16371,14991,1380,8.42954004,Chicago,Finance,HR,117,186,99,20.79,4.4
04-08-2025,16359,28196,-11837,-72.35772358,San Francisco,Manufacturing,IT,351,178,38,16.68,9.01
05-08-2025,45996,12519,33477,72.78241586,New York,Healthcare,Marketing,298,304,188,20.99,7.51
06-08-2025,30103,18669,11434,37.98292529,Houston,Manufacturing,Sales,372,890,58,12.36,4.89
07-08-2025,24382,9612,14770,60.57747519,New York,Healthcare,Sales,459,436,180,4.15,6.03
08-08-2025,28755,17373,11382,39.58268127,Houston,Finance,Marketing,441,353,81,19.97,3.26
09-08-2025,45659,22582,23077,50.54206181,New York,Retail,Marketing,55,403,142,15.74,9.84
10-08-2025,13756,20552,-6796,-49.40389648,Chicago,Retail,IT,329,479,51,19.18,6.67
11-08-2025,30609,19646,10963,35.81626319,Los Angeles,Manufacturing,Marketing,481,229,144,10.14,0.44
12-08-2025,26478,10238,16240,61.33393761,Los Angeles,Retail,HR,143,695,51,27.21,3.27
13-08-2025,45442,20577,24865,54.7181022,San Francisco,Finance,Operations,478,375,173,17.62,6.23
14-08-2025,49666,27473,22193,44.68449241,Houston,Manufacturing,Marketing,318,798,114,2.56,0.56
15-08-2025,20147,27641,-7494,-37.19660495,Houston,Healthcare,Marketing,246,657,36,13.49,0.24
16-08-2025,43561,20504,23057,52.9303735,Houston,Retail,HR,74,998,67,22.69,4.5
17-08-2025,44884,29089,15795,35.19071384,Chicago,Technology,Sales,197,282,55,23.82,3.33
18-08-2025,15779,8719,7060,44.74301287,Houston,Retail,Sales,167,367,75,14.84,4.38
19-08-2025,22298,5302,16996,76.2220827,Los Angeles,Healthcare,IT,387,907,34,26.84,2.63
20-08-2025,24153,17144,7009,29.01916946,Chicago,Manufacturing,HR,416,421,82,8.03,1.65
21-08-2025,20789,22370,-1581,-7.604983405,New York,Healthcare,Operations,387,611,126,12.32,6.89
22-08-2025,22999,15055,7944,34.5406322,Houston,Technology,Operations,115,711,164,26.96,5.15
23-08-2025,10814,9440,1374,12.7057518,Houston,Finance,HR,350,177,138,26.89,2
24-08-2025,20541,26293,-5752,-28.00253152,New York,Retail,Operations,419,883,96,20.57,3.2
25-08-2025,34938,8072,26866,76.89621615,Houston,Manufacturing,Sales,224,438,83,25.77,5.92
26-08-2025,12443,18598,-6155,-49.46556297,New York,Finance,Operations,368,773,179,2.66,0.72
27-08-2025,20457,19287,1170,5.719313682,Chicago,Healthcare,Operations,125,655,189,25.95,1.47
28-08-2025,20380,18965,1415,6.943081452,Los Angeles,Manufacturing,HR,163,608,162,9.62,0.73
29-08-2025,17783,24508,-6725,-37.81701625,New York,Finance,HR,160,337,191,5.35,8.12
30-08-2025,27368,14519,12849,46.94899152,San Francisco,Manufacturing,Operations,298,233,134,7.18,7.52
31-08-2025,25328,18380,6948,27.43209097,New York,Technology,Marketing,488,291,76,12.54,7.53
01-09-2025,36215,16865,19350,53.4308988,Houston,Technology,HR,252,455,15,7.54,7.16
02-09-2025,43595,13125,30470,69.89333639,Chicago,Retail,IT,196,377,134,9.62,6.69
03-09-2025,37306,8291,29015,77.77569292,Chicago,Retail,IT,84,117,67,4.05,4.77
04-09-2025,29915,9033,20882,69.80444593,New York,Technology,Sales,358,623,79,8.89,6.42
05-09-2025,49915,10105,39810,79.75558449,Los Angeles,Manufacturing,Operations,75,279,62,17.17,0.38
06-09-2025,47219,22087,25132,53.22433766,San Francisco,Technology,Marketing,287,222,75,13.26,6.21
07-09-2025,25343,13133,12210,48.17898433,Chicago,Retail,Sales,63,345,67,10.4,7.78
08-09-2025,48727,21958,26769,54.93668808,Houston,Technology,Operations,423,833,91,22.39,5
09-09-2025,10126,10704,-578,-5.708078214,Houston,Technology,HR,94,472,96,26.81,3.58
10-09-2025,37632,12848,24784,65.85884354,Los Angeles,Manufacturing,IT,477,150,11,22.7,2.77
11-09-2025,30530,26592,3938,12.89878808,Chicago,Finance,Marketing,265,170,159,9.96,6.43
12-09-2025,49964,17975,31989,64.02409735,New York,Retail,IT,282,579,46,22.33,6.93
13-09-2025,13368,11924,1444,10.80191502,Houston,Manufacturing,HR,242,659,157,4.56,8.71
14-09-2025,13797,25212,-11415,-82.73537726,Los Angeles,Technology,Operations,100,118,112,3.91,3.42
15-09-2025,23718,24614,-896,-3.777721562,Chicago,Technology,HR,476,873,33,10.37,7.7
16-09-2025,44560,5488,39072,87.68402154,Chicago,Finance,HR,424,183,121,24.23,5.61
17-09-2025,21053,12114,8939,42.45950696,Chicago,Retail,IT,263,254,74,7.39,8.83
18-09-2025,32116,20740,11376,35.42159671,Chicago,Retail,Marketing,200,664,138,1.9,5.28
19-09-2025,46244,8173,38071,82.32635585,Chicago,Healthcare,HR,489,718,126,3.95,5.18
20-09-2025,46185,6667,39518,85.56457724,Houston,Retail,IT,324,456,125,25.76,5.78
21-09-2025,11645,9114,2531,21.73465006,Los Angeles,Finance,Marketing,387,915,114,19.01,7.49
22-09-2025,29256,8553,20703,70.76497129,Chicago,Healthcare,Operations,125,746,12,7.6,9.65
23-09-2025,45840,12761,33079,72.16186736,San Francisco,Healthcare,Operations,488,542,55,16.66,0.74
24-09-2025,44622,6000,38622,86.5537179,San Francisco,Technology,Sales,269,168,64,15.83,0.53
25-09-2025,47430,20638,26792,56.4874552,Los Angeles,Technology,IT,397,622,84,19.66,9.38
26-09-2025,49282,22772,26510,53.79245972,New York,Retail,Marketing,493,242,54,7,5.3
